모델명,연비,연료타입,차급,외형,엔진,가격,이미지,출력
2025 포드 머스탱(7세대),7.2 ~ 9.6km/ℓ,가솔린,중형,"컨버터블,쿠페외형전체>",FR,8470,http://file.carisyou.com/upload/2024/02/15/FILE_202402151109151320.png,319.0
2024 링컨 네비게이터(4세대),7.2km/ℓ,가솔린,대형,SUV,4WD,15040,http://file.carisyou.com/upload/2022/09/22/FILE_202209221120572550.png,446.0
2025 푸조 408,12.9km/ℓ,가솔린,준중형,해치백,FF,4690,http://file.carisyou.com/upload/2023/05/23/FILE_202305230102114180.png,131.0
2025 제네시스 G90(RS4),8.0 ~ 9.3km/ℓ,가솔린,대형,"리무진,세단외형전체>",FR,1,http://file.carisyou.com/upload/2021/12/14/FILE_202112140254196890.png,380.0
2025 KGM 무쏘 칸(Q261),10.2 ~ 10.3km/ℓ,디젤,대형,픽업트럭,FR,3909,http://file.carisyou.com/upload/2025/01/20/FILE_202501200426517090.png,202.0
2025 KGM 무쏘 스포츠(Q261),10.4km/ℓ,디젤,대형,픽업트럭,FR,3689,http://file.carisyou.com/upload/2025/01/20/FILE_202501200422473040.png,202.0
2025 기아 EV3,5.1 ~ 5.4km/kwh,전기,소형,SUV,2WD,4895,http://file.carisyou.com/upload/2024/06/04/FILE_202406041058132380.png,
2025 혼다 오딧세이(5세대),9.0km/ℓ,가솔린,대형,RV,FF,6290,http://file.carisyou.com/upload/2025/02/27/FILE_202502270204194410.png,284.0
2025 아우디 RS6(8세대),7.1km/ℓ,가솔린,중형,왜건,4WD,18002,http://file.carisyou.com/upload/2023/12/29/FILE_202312290935204760.png,630.0
2025 아우디 RSQ8,6.5km/ℓ,가솔린,대형,SUV,4WD,19202,http://file.carisyou.com/upload/2025/02/27/FILE_202502270202346640.png,640.0
2025 벤츠 SL(7세대),8.8km/ℓ,가솔린,중형,컨버터블,FR,15560,http://file.carisyou.com/upload/2023/03/20/FILE_202303200122191330.png,421.0
2025 현대 뉴 마이티,-,디젤,준대형,트럭,FR,7900,http://file.carisyou.com/upload/2021/03/18/FILE_202103180931098530.png,170.0
2025 KGM 무쏘 EV(O100),4.2km/kwh,전기,중형,픽업트럭,2WD,5300,http://file.carisyou.com/upload/2025/02/14/FILE_202502140259224690.png,
2025 기아 타스만,7.7 ~ 8.6km/ℓ,가솔린,대형,픽업트럭,FR,5240,http://file.carisyou.com/upload/2025/03/05/FILE_202503051042490580.png,281.0
2025 렉서스 LX(4세대),8.0km/ℓ,가솔린/하이브리드,대형,SUV,4WD,16587,http://file.carisyou.com/upload/2025/02/17/FILE_202502170952381770.png,415.0
2025 포드 레인저(2세대),9.0 ~ 10.1km/ℓ,디젤,대형,픽업트럭,4WD,7990,http://file.carisyou.com/upload/2023/01/16/FILE_202301160202008150.png,205.0
2025 현대 아이오닉 9,4.1 ~ 4.3km/kwh,전기,대형,SUV,2WD,8311,http://file.carisyou.com/upload/2025/02/03/FILE_202502030350356610.png,
2026 렉서스 ES(7세대),17.2km/ℓ,가솔린/하이브리드,중형,세단,FF,7188,http://file.carisyou.com/upload/2024/01/18/FILE_202401180100060120.png,178.0
2025 렉서스 LS(5세대),7.9 ~ 9.6km/ℓ,"가솔린,가솔린/하이브리드",대형,세단,4WD,14527,http://file.carisyou.com/upload/2022/11/17/FILE_202211171011302310.png,422.0
2025 아우디 A3(4세대),11.3 ~ 12.4km/ℓ,가솔린,준중형,세단,FF,5130,http://file.carisyou.com/upload/2025/01/22/FILE_202501220523253440.png,204.0
2025 현대 파비스,-,디젤,준대형,트럭,FR,1,http://file.carisyou.com/upload/2021/05/20/FILE_202105201105343060.png,280.0
2025 로터스 에미라,7.7 ~ 9.5km/ℓ,가솔린,준중형,쿠페,MR,14990,http://file.carisyou.com/upload/2021/11/01/FILE_202111010256102580.png,364.0
2025 KGM 뉴 렉스턴 스포츠,10.4km/ℓ,디젤,대형,픽업트럭,FR,3689,http://file.carisyou.com/upload/2025/01/20/FILE_202501200422473040.png,202.0
2025 KGM 뉴 렉스턴 스포츠 칸,10.2 ~ 10.3km/ℓ,디젤,대형,픽업트럭,FR,3909,http://file.carisyou.com/upload/2025/01/20/FILE_202501200426517090.png,202.0
2025 KGM 뉴 렉스턴(Y461),10.2 ~ 11.6km/ℓ,디젤,중형,SUV,FR,5967,http://file.carisyou.com/upload/2022/03/10/FILE_202203100117042950.png,202.0
2025 비야디 아토 3,4.7km/kwh,전기,소형,SUV,2WD,3330,http://file.carisyou.com/upload/2025/01/16/FILE_202501160330016950.png,
2025 제네시스 뉴 일렉트리파이드 GV70,4.5km/kwh,전기,중형,SUV,4WD,7530,http://file.carisyou.com/upload/2025/01/16/FILE_202501160957313300.png,
2025 미니 미니 에이스맨,5.4km/kwh,전기,소형,SUV,2WD,6000,http://file.carisyou.com/upload/2025/01/15/FILE_202501150346435350.png,
2025 아우디 Q3(2세대),9.9 ~ 14.8km/ℓ,"가솔린,디젤",준중형,SUV,FF,5826,http://file.carisyou.com/upload/2022/06/02/FILE_202206021106043010.png,150.0
2025 아우디 RS7(2세대),7.3km/ℓ,가솔린,준대형,해치백,4WD,18790,http://file.carisyou.com/upload/2023/12/21/FILE_202312211026362540.png,630.0
2025 아우디 A7(2세대),9.5 ~ 15.7km/ℓ,"가솔린,가솔린/하이브리드,디젤",준대형,해치백,4WD,1357,http://file.carisyou.com/upload/2025/01/13/FILE_202501131125294360.png,252.0
2025 벤츠 C클래스(5세대),12.0km/ℓ,가솔린,준중형,세단,FR,6590,http://file.carisyou.com/upload/2022/11/21/FILE_202211210924075450.png,204.0
2025 제네시스 뉴 G80(RG3),8.2 ~ 10.5km/ℓ,가솔린,준대형,세단,FR,8573,http://file.carisyou.com/upload/2023/12/27/FILE_202312270112559470.png,304.0
2025 폭스바겐 ID.5,5.0km/kwh,전기,준중형,SUV,2WD,6099,http://file.carisyou.com/upload/2025/01/07/FILE_202501070128246050.png,
2025 지프 랭글러(4세대),7.5 ~ 8.2km/ℓ,가솔린,"준중형,중형",SUV,4WD,8590,http://file.carisyou.com/upload/2024/09/12/FILE_202409121114396850.png,272.0
2025 랜드로버 디스커버리,7.5 ~ 10.1km/ℓ,"가솔린,디젤",중형,SUV,4WD,1,http://file.carisyou.com/upload/2021/06/23/FILE_202106231025152620.png,300.0
2025 폭스바겐 ID.4,4.9km/kwh,전기,준중형,SUV,2WD,5999,http://file.carisyou.com/upload/2022/09/15/FILE_202209150246519830.png,
2025 아우디 Q4 e-트론,4.7km/kwh,전기,준중형,SUV,2WD,7380,http://file.carisyou.com/upload/2022/09/07/FILE_202209071127449620.png,
2024 아우디 A4(5세대),10.6 ~ 16.9km/ℓ,"가솔린,디젤",준중형,세단,FF,6722,http://file.carisyou.com/upload/2020/06/03/FILE_202006030108442820.png,204.0
2025 BMW 2시리즈(2세대),9.6km/ℓ,가솔린,준중형,쿠페,4WD,7310,http://file.carisyou.com/upload/2019/11/04/FILE_201911040330378920.png,387.0
2025 BMW X6 M(3세대),7.0km/ℓ,가솔린,중형,SUV,4WD,19580,http://file.carisyou.com/upload/2023/07/05/FILE_202307050422307370.png,625.0
2025 벤츠 GLE(4세대),7.8 ~ 11.6km/ℓ,"가솔린,디젤",중형,SUV,4WD,11660,http://file.carisyou.com/upload/2023/08/28/FILE_202308280216070440.png,269.0
2025 벤츠 CLE,9.1 ~ 11.7km/ℓ,가솔린,중형,"컨버터블,쿠페외형전체>",FR,1,http://file.carisyou.com/upload/2024/02/16/FILE_202402160955503020.png,204.0
2025 현대 팰리세이드 하이브리드(LX3),11.4 ~ 14.1km/ℓ,가솔린/하이브리드,대형,SUV,FF,6566,http://file.carisyou.com/upload/2024/12/20/FILE_202412200435289480.png,262.0
2025 현대 팰리세이드(LX3),8.2 ~ 9.7km/ℓ,가솔린,대형,SUV,FF,5946,http://file.carisyou.com/upload/2024/12/20/FILE_202412200947075910.png,281.0
2025 아우디 SQ7,6.7km/ℓ,가솔린,대형,SUV,4WD,14002,http://file.carisyou.com/upload/2024/12/20/FILE_202412200308355580.png,507.0
2025 아우디 Q7(2세대),8.1 ~ 10.5km/ℓ,"가솔린,디젤",대형,SUV,4WD,11372,http://file.carisyou.com/upload/2024/12/20/FILE_202412200331551060.png,286.0
2025 BMW X4 M,7.8km/ℓ,가솔린,준중형,SUV,4WD,13020,http://file.carisyou.com/upload/2021/11/18/FILE_202111180308063450.png,510.0
2025 BMW X6(3세대),7.8 ~ 11.9km/ℓ,"가솔린,디젤",중형,SUV,4WD,12650,http://file.carisyou.com/upload/2023/07/05/FILE_202307050349434080.png,298.0
2025 BMW X2(2세대),10.1 ~ 10.8km/ℓ,가솔린,준중형,SUV,4WD,7550,http://file.carisyou.com/upload/2024/04/03/FILE_202404030249153580.png,204.0
2025 BMW iX,3.4 ~ 3.7km/kwh,전기,중형,SUV,4WD,15220,http://file.carisyou.com/upload/2021/11/23/FILE_202111230454480600.png,
2025 아우디 Q8,8.1 ~ 10.1km/ℓ,"가솔린,디젤",대형,SUV,4WD,11812,http://file.carisyou.com/upload/2024/12/19/FILE_202412191121110780.png,286.0
2025 미니 미니 컨트리맨(3세대),10.3 ~ 10.8km/ℓ,가솔린,소형,SUV,4WD,6620,http://file.carisyou.com/upload/2024/06/07/FILE_202406070138060760.png,204.0
2025 아우디 A6(8세대),10.7 ~ 15.0km/ℓ,"가솔린,디젤",중형,세단,FF,8324,http://file.carisyou.com/upload/2021/12/14/FILE_202112140537413290.png,204.0
2025 렉서스 RX(5세대),10.0 ~ 14.7km/ℓ,가솔린/하이브리드,중형,SUV,4WD,1,http://file.carisyou.com/upload/2023/06/02/FILE_202306020518039390.png,187.0
2025 볼보 S90,10.4 ~ 13.0km/ℓ,"가솔린,가솔린/하이브리드",준대형,세단,FF,8790,http://file.carisyou.com/upload/2024/12/09/FILE_202412090949207550.png,250.0
2025 볼보 XC90(2세대),9.5 ~ 11.0km/ℓ,"가솔린,가솔린/하이브리드",준대형,SUV,4WD,1,http://file.carisyou.com/upload/2019/09/26/FILE_201909261013329930.png,300.0
2025 BMW M5(7세대),12.0km/ℓ,가솔린/하이브리드,중형,세단,4WD,16550,http://file.carisyou.com/upload/2024/12/06/FILE_202412061027130670.png,585.0
2025 BMW i5,3.8 ~ 4.6km/kwh,전기,중형,세단,2WD,1,http://file.carisyou.com/upload/2023/09/06/FILE_202309060405066500.png,
2025 BMW X5 M(3세대),6.9km/ℓ,가솔린,중형,SUV,4WD,19170,http://file.carisyou.com/upload/2023/08/03/FILE_202308031042157290.png,625.0
2025 BMW M2(2세대),8.5km/ℓ,가솔린,준중형,쿠페,FR,9590,http://file.carisyou.com/upload/2024/12/02/FILE_202412021032252700.png,480.0
2025 랜드로버 레인지로버(5세대),7.8 ~ 10.5km/ℓ,"가솔린,가솔린/하이브리드,디젤",대형,SUV,4WD,22800,http://file.carisyou.com/upload/2021/11/29/FILE_202111290547572310.png,350.0
2025 현대 뉴 투싼 하이브리드(NX4),14.3 ~ 16.2km/ℓ,가솔린/하이브리드,준중형,SUV,FF,4142,http://file.carisyou.com/upload/2023/12/06/FILE_202312060230172670.png,180.0
2025 현대 뉴 투싼(NX4),11.2 ~ 14.3km/ℓ,"가솔린,디젤",준중형,SUV,FF,3925,http://file.carisyou.com/upload/2023/12/06/FILE_202312060215369920.png,180.0
2025 BMW M8(2세대),7.3 ~ 7.6km/ℓ,가솔린,준대형,"세단,쿠페외형전체>",4WD,24790,http://file.carisyou.com/upload/2019/10/02/FILE_201910020354195000.png,625.0
2025 BMW X7,6.9 ~ 10.0km/ℓ,"가솔린,디젤",대형,SUV,4WD,14990,http://file.carisyou.com/upload/2024/11/18/FILE_202411180405553880.png,381.0
2025 BMW X5(4세대),7.5 ~ 11.6km/ℓ,"가솔린,가솔린/하이브리드,디젤",중형,SUV,4WD,11780,http://file.carisyou.com/upload/2023/07/05/FILE_202307050208496140.png,286.0
2025 BMW X4(2세대),8.5 ~ 12.5km/ℓ,"가솔린,디젤",준중형,SUV,4WD,1,http://file.carisyou.com/upload/2021/12/02/FILE_202112020116175890.png,184.0
2025 BMW X1(3세대),10.2 ~ 14.8km/ℓ,"가솔린,디젤",준중형,SUV,FF,7220,http://file.carisyou.com/upload/2023/03/06/FILE_202303060536277170.png,150.0
2025 BMW iX1,4.2km/kwh,전기,준중형,SUV,4WD,7020,http://file.carisyou.com/upload/2023/01/26/FILE_202301261100344100.png,
2025 아우디 SQ6 e-트론,3.8km/kwh,전기,중형,SUV,4WD,11590,http://file.carisyou.com/upload/2025/03/19/FILE_202503190237504790.png,
2025 아우디 Q6 e-트론,3.8 ~ 4.3km/kwh,전기,중형,SUV,2WD,1,http://file.carisyou.com/upload/2025/03/19/FILE_202503190240143170.png,
2024 아우디 SQ5(2세대),8.6 ~ 8.9km/ℓ,가솔린,중형,SUV,4WD,9990,http://file.carisyou.com/upload/2021/07/21/FILE_202107210246134410.png,354.0
2024 아우디 Q4 e-트론,4.7 ~ 4.8km/kwh,전기,준중형,SUV,2WD,7540,http://file.carisyou.com/upload/2022/09/07/FILE_202209071127449620.png,
2025 포드 익스플로러(6세대),8.7km/ℓ,가솔린,대형,SUV,4WD,6800,http://file.carisyou.com/upload/2024/11/08/FILE_202411080451194960.png,304.0
2025 BMW 8시리즈(2세대),7.6 ~ 7.7km/ℓ,가솔린,준대형,"세단,쿠페외형전체>",4WD,14670,http://file.carisyou.com/upload/2024/11/08/FILE_202411080347539220.png,530.0
2025 BMW 5시리즈(8세대),11.1 ~ 15.9km/ℓ,"가솔린,가솔린/하이브리드,디젤",중형,세단,FR,1,http://file.carisyou.com/upload/2023/09/06/FILE_202309061102221390.png,190.0
2025 기아 뉴 스포티지 하이브리드(NQ5),14.3 ~ 16.3km/ℓ,가솔린/하이브리드,준중형,SUV,FF,4168,http://file.carisyou.com/upload/2024/11/08/FILE_202411081136590820.png,180.0
2025 기아 뉴 스포티지(NQ5),8.6 ~ 12.3km/ℓ,"가솔린,엘피지",준중형,SUV,FF,3694,http://file.carisyou.com/upload/2024/11/08/FILE_202411081136590820.png,180.0
2025 BMW M3(6세대),7.9 ~ 8.2km/ℓ,가솔린,준중형,"세단,왜건외형전체>",4WD,13440,http://file.carisyou.com/upload/2024/11/07/FILE_202411071111282460.png,530.0
2025 BMW 3시리즈(7세대),10.8 ~ 15.2km/ℓ,"가솔린,디젤",준중형,"세단,왜건외형전체>",FR,9750,http://file.carisyou.com/upload/2024/11/07/FILE_202411071109277780.png,190.0
2025 토요타 하이랜더(4세대),13.8km/ℓ,가솔린/하이브리드,준대형,SUV,4WD,7403,http://file.carisyou.com/upload/2023/07/05/FILE_202307050526388340.png,188.0
2025 기아 뉴 K5 하이브리드(DL3),18.8 ~ 19.8km/ℓ,가솔린/하이브리드,중형,세단,FF,3868,http://file.carisyou.com/upload/2024/01/16/FILE_202401160246451980.png,152.0
2025 기아 뉴 K5(DL3),9.5 ~ 13.7km/ℓ,"가솔린,엘피지",중형,세단,FF,3546,http://file.carisyou.com/upload/2024/01/16/FILE_202401160245434840.png,160.0
2025 토요타 캠리(9세대),17.1km/ℓ,가솔린/하이브리드,중형,세단,FF,5327,http://file.carisyou.com/upload/2024/11/07/FILE_202411070532096740.png,186.0
2025 벤츠 마이바흐 GLS(3세대),6.2km/ℓ,가솔린,대형,SUV,4WD,28760,http://file.carisyou.com/upload/2024/01/31/FILE_202401310146182370.png,557.0
2025 벤츠 GLS(3세대),6.5 ~ 7.9km/ℓ,가솔린,대형,SUV,4WD,15710,http://file.carisyou.com/upload/2023/11/16/FILE_202311160452428280.png,381.0
2025 벤틀리 컨티넨탈(4세대),-,가솔린/하이브리드,대형,"컨버터블,쿠페외형전체>",4WD,34610,http://file.carisyou.com/upload/2024/10/30/FILE_202410300117562710.png,600.0
2025 로터스 에메야,-,전기,대형,세단,4WD,14800,http://file.carisyou.com/upload/2024/10/30/FILE_202410301126021910.png,
2025 현대 뉴 쏘나타 하이브리드(DN8),17.1 ~ 19.4km/ℓ,가솔린/하이브리드,중형,세단,FF,3912,http://file.carisyou.com/upload/2023/04/24/FILE_202304241052430090.png,152.0
2025 현대 뉴 쏘나타(DN8),9.4 ~ 13.5km/ℓ,"가솔린,엘피지",중형,세단,FF,3869,http://file.carisyou.com/upload/2023/04/24/FILE_202304241050166250.png,160.0
2025 포르쉐 911(8세대),-,가솔린,준중형,"컨버터블,쿠페외형전체>",RR,24070,http://file.carisyou.com/upload/2024/10/25/FILE_202410250950404080.png,485.0
2025 포르쉐 카이엔(3세대),6.5 ~ 8.4km/ℓ,"가솔린,가솔린/하이브리드",중형,SUV,4WD,14380,http://file.carisyou.com/upload/2023/08/17/FILE_202308171119591940.png,360.0
2025 볼보 V90 크로스 컨트리,11.0km/ℓ,가솔린,중형,왜건,4WD,7820,http://file.carisyou.com/upload/2020/10/22/FILE_202010220952255650.png,250.0
2025 랜드로버 디펜더,6.9 ~ 10.4km/ℓ,"가솔린,디젤","대형,준중형",SUV,4WD,1488,http://file.carisyou.com/upload/2024/01/19/FILE_202401190118577460.png,249.0
2025 링컨 노틸러스(2세대),9.0km/ℓ,가솔린,중형,SUV,4WD,7620,http://file.carisyou.com/upload/2023/11/01/FILE_202311011029012570.png,252.0
2025 링컨 에비에이터(2세대),7.7km/ℓ,가솔린,대형,SUV,4WD,1,http://file.carisyou.com/upload/2024/10/21/FILE_202410210107377440.png,406.0
2025 벤츠 마이바흐 S클래스(7세대),6.1 ~ 8.1km/ℓ,가솔린,대형,세단,4WD,3960,http://file.carisyou.com/upload/2021/10/28/FILE_202110280232451480.png,503.0
2025 벤츠 S클래스(7세대),7.8 ~ 13.0km/ℓ,"가솔린,가솔린/하이브리드,디젤",대형,세단,4WD,15160,http://file.carisyou.com/upload/2022/09/23/FILE_202209230928452320.png,313.0
2025 롤스로이스 컬리넌,5.4 ~ 5.5km/ℓ,가솔린,대형,SUV,4WD,57700,http://file.carisyou.com/upload/2024/10/18/FILE_202410181002555360.png,571.0
2025 현대 뉴 캐스퍼,12.3 ~ 14.3km/ℓ,가솔린,경형,SUV,FF,2070,http://file.carisyou.com/upload/2024/10/17/FILE_202410170250447890.png,76.0
2025 BMW 7시리즈(7세대),10.3 ~ 15.0km/ℓ,"가솔린,가솔린/하이브리드,디젤",대형,세단,4WD,15070,http://file.carisyou.com/upload/2022/07/08/FILE_202207080916071430.png,286.0
2025 BMW i7,3.3 ~ 3.8km/kwh,전기,대형,세단,2WD,16610,http://file.carisyou.com/upload/2022/07/08/FILE_202207081005584990.png,
2025 기아 뉴 카니발 하이브리드(KA4),12.4 ~ 14.0km/ℓ,가솔린/하이브리드,대형,RV,FF,9831,http://file.carisyou.com/upload/2024/02/05/FILE_202402050415167530.png,180.0
2025 기아 뉴 카니발(KA4),8.5 ~ 13.1km/ℓ,"가솔린,디젤",대형,RV,FF,9239,http://file.carisyou.com/upload/2024/02/05/FILE_202402050415071560.png,294.0
2025 BMW X3(4세대),10.6 ~ 14.0km/ℓ,"가솔린,디젤",준중형,SUV,4WD,9870,http://file.carisyou.com/upload/2024/10/14/FILE_202410140313144470.png,190.0
2025 랜드로버 레인지로버 이보크(2세대),8.9km/ℓ,가솔린,준중형,SUV,4WD,8140,http://file.carisyou.com/upload/2024/03/26/FILE_202403261110208410.png,249.0
2025 제네시스 뉴 GV80 쿠페,7.8 ~ 8.3km/ℓ,가솔린,준대형,SUV,4WD,1,http://file.carisyou.com/upload/2023/09/27/FILE_202309270132284800.png,304.0
2025 제네시스 뉴 GV80,7.7 ~ 9.3km/ℓ,가솔린,준대형,SUV,FR,9717,http://file.carisyou.com/upload/2023/09/27/FILE_202309270128370680.png,304.0
2025 랜드로버 레인지로버 스포츠(3세대),7.1 ~ 8.7km/ℓ,"가솔린,가솔린/하이브리드",중형,SUV,4WD,14100,http://file.carisyou.com/upload/2024/01/30/FILE_202401300337217010.png,360.0
2025 랜드로버 디스커버리 스포츠,8.2km/ℓ,가솔린,준중형,SUV,4WD,7780,http://file.carisyou.com/upload/2024/01/30/FILE_202401300340302500.png,249.0
2025 포르쉐 파나메라(3세대),7.2 ~ 8.0km/ℓ,"가솔린,가솔린/하이브리드",대형,해치백,4WD,18330,http://file.carisyou.com/upload/2023/11/27/FILE_202311271017266300.png,360.0
2025 벤츠 E클래스(6세대),8.6 ~ 12.3km/ℓ,"가솔린,가솔린/하이브리드",중형,세단,FR,1,http://file.carisyou.com/upload/2024/01/04/FILE_202401040227284180.png,204.0
2025 벤츠 GLC(3세대),8.7 ~ 14.5km/ℓ,"가솔린,디젤",준중형,SUV,4WD,1,http://file.carisyou.com/upload/2023/06/16/FILE_202306161010404980.png,197.0
2025 BMW 2시리즈 액티브 투어러(2세대),11.1 ~ 16.0km/ℓ,"가솔린,디젤",준중형,RV,FF,5210,http://file.carisyou.com/upload/2022/08/04/FILE_202208040204075900.png,204.0
2025 기아 봉고3 EV,2.7 ~ 3.1km/kwh,전기,소형,트럭,2WD,6227,http://file.carisyou.com/upload/2021/12/24/FILE_202112241114245700.png,
2025 벤츠 G클래스(2세대),"3.0 ~ 10.0km/kwh,km/ℓ","가솔린,디젤,전기",중형,SUV,4WD,18760,http://file.carisyou.com/upload/2024/10/04/FILE_202410041244281710.png,367.0
2025 기아 뉴 레이 EV,5.1km/kwh,전기,경형,RV,2WD,2955,http://file.carisyou.com/upload/2023/08/29/FILE_202308291058138900.png,
2024 마세라티 그레칼레,8.0 ~ 9.9km/ℓ,가솔린,중형,SUV,4WD,1791,http://file.carisyou.com/upload/2022/11/21/FILE_202211210932439380.png,300.0
2025 기아 뉴 레이,12.6 ~ 12.9km/ℓ,가솔린,경형,RV,FF,1928,http://file.carisyou.com/upload/2022/09/01/FILE_202209010954489680.png,76.0
2024 포드 브롱코,8.2 ~ 8.4km/ℓ,가솔린,중형,SUV,4WD,8040,http://file.carisyou.com/upload/2023/05/10/FILE_202305100959356740.png,279.0
2024 아우디 A3(4세대),12.5 ~ 13.0km/ℓ,가솔린,준중형,세단,4WD,4740,http://file.carisyou.com/upload/2022/06/17/FILE_202206170247398980.png,204.0
2025 현대 ST1,-,전기,소형,트럭,2WD,7195,http://file.carisyou.com/upload/2024/04/24/FILE_202404240106010020.png,
2025 현대 아이오닉 5 N,3.7km/kwh,전기,준중형,SUV,4WD,7700,http://file.carisyou.com/upload/2023/09/05/FILE_202309050930266730.png,
2025 볼보 V60 크로스 컨트리(2세대),9.9km/ℓ,가솔린,준중형,왜건,4WD,6290,http://file.carisyou.com/upload/2022/09/28/FILE_202209281043138290.png,250.0
2025 볼보 XC40,10.3km/ℓ,가솔린,준중형,SUV,4WD,5615,http://file.carisyou.com/upload/2023/09/18/FILE_202309181126106970.png,197.0
2025 벤틀리 플라잉스퍼(4세대),-,가솔린/하이브리드,대형,세단,4WD,37570,http://file.carisyou.com/upload/2024/09/12/FILE_202409121112404410.png,600.0
2025 제네시스 뉴 일렉트리파이드 G80(RG3),4.4km/kwh,전기,준대형,세단,4WD,8468,http://file.carisyou.com/upload/2024/09/05/FILE_202409050326321790.png,
2025 혼다 파일럿(4세대),8.3km/ℓ,가솔린,대형,SUV,4WD,6960,http://file.carisyou.com/upload/2023/08/29/FILE_202308291024431350.png,289.0
2025 볼보 S60(3세대),11.9km/ℓ,가솔린,준중형,세단,FF,5690,http://file.carisyou.com/upload/2023/09/05/FILE_202309050130160170.png,250.0
2024 포드 익스페디션(4세대),7.2km/ℓ,가솔린,대형,SUV,4WD,11110,http://file.carisyou.com/upload/2022/08/24/FILE_202208240333362360.png,405.0
2025 기아 뉴 쏘렌토 하이브리드(MQ4),13.8 ~ 15.7km/ℓ,가솔린/하이브리드,중형,SUV,FF,4854,http://file.carisyou.com/upload/2023/09/07/FILE_202309070442274130.png,180.0
2025 기아 뉴 쏘렌토(MQ4),9.3 ~ 14.3km/ℓ,"가솔린,디젤",중형,SUV,FF,4631,http://file.carisyou.com/upload/2023/09/07/FILE_202309070441362840.png,281.0
2025 현대 싼타페 하이브리드(MX5),13.0 ~ 15.5km/ℓ,가솔린/하이브리드,중형,SUV,FF,5028,http://file.carisyou.com/upload/2023/08/14/FILE_202308141019512170.png,180.0
2025 현대 싼타페(MX5),9.7 ~ 11.0km/ℓ,가솔린,중형,SUV,FF,4598,http://file.carisyou.com/upload/2023/08/14/FILE_202308141019435910.png,281.0
2025 볼보 XC60(2세대),9.9 ~ 11.7km/ℓ,"가솔린,가솔린/하이브리드",중형,SUV,4WD,8640,http://file.carisyou.com/upload/2021/09/17/FILE_202109170154404060.png,250.0
2025 포르쉐 타이칸,3.6 ~ 4.5km/kwh,전기,준대형,"세단,왜건외형전체>",2WD,13100,http://file.carisyou.com/upload/2024/08/23/FILE_202408230140228330.png,
2025 렉서스 UX,18.0km/ℓ,가솔린/하이브리드,준중형,SUV,FF,5833,http://file.carisyou.com/upload/2023/01/17/FILE_202301170307563380.png,152.0
2025 기아 EV9,3.6 ~ 4.2km/kwh,전기,대형,SUV,2WD,8849,http://file.carisyou.com/upload/2023/03/31/FILE_202303310904235010.png,
2025 폴스타 폴스타 4,3.7 ~ 4.6km/kwh,전기,중형,SUV,2WD,7190,http://file.carisyou.com/upload/2024/08/13/FILE_202408130246035850.png,
2025 기아 니로 EV(SG2),5.3km/kwh,전기,소형,SUV,2WD,5120,http://file.carisyou.com/upload/2021/11/26/FILE_202111260158469710.png,
2025 기아 니로(SG2),19.1 ~ 20.8km/ℓ,가솔린/하이브리드,소형,SUV,FF,3456,http://file.carisyou.com/upload/2023/09/22/FILE_202309220944129270.png,105.0
2025 KGM 액티언(J120),10.1 ~ 11.0km/ℓ,가솔린,중형,SUV,FF,3796,http://file.carisyou.com/upload/2024/08/12/FILE_202408120219322800.png,170.0
2025 기아 뉴 K8 하이브리드(GL3),16.1 ~ 18.1km/ℓ,가솔린/하이브리드,준대형,세단,FF,4988,http://file.carisyou.com/upload/2024/08/27/FILE_202408270408350340.png,180.0
2025 기아 뉴 K8(GL3),7.8 ~ 12.0km/ℓ,"가솔린,엘피지",준대형,세단,FF,4764,http://file.carisyou.com/upload/2024/08/27/FILE_202408270407148260.png,198.0
2024 아우디 A6(8세대),10.7 ~ 15.0km/ℓ,"가솔린,디젤",중형,세단,FF,8250,http://file.carisyou.com/upload/2021/12/14/FILE_202112140537413290.png,204.0
2025 혼다 CR-V(6세대),12.1 ~ 15.1km/ℓ,"가솔린,가솔린/하이브리드",준중형,SUV,FF,5480,http://file.carisyou.com/upload/2023/08/11/FILE_202308110136437290.png,190.0
2024 아우디 S7(2세대),11.5km/ℓ,디젤,준대형,해치백,4WD,12860,http://file.carisyou.com/upload/2022/02/08/FILE_202202080352549250.png,344.0
2025 벤츠 EQA,5.0km/kwh,전기,준중형,SUV,2WD,7510,http://file.carisyou.com/upload/2024/08/07/FILE_202408070944213890.png,
2025 벤츠 GLB,9.2 ~ 14.2km/ℓ,"가솔린,디젤",준중형,SUV,4WD,7850,http://file.carisyou.com/upload/2023/12/22/FILE_202312220344117220.png,224.0
2025 BMW 4시리즈(2세대),11.0 ~ 12.3km/ℓ,가솔린,준중형,"컨버터블,쿠페,해치백외형전체>",FR,1,http://file.carisyou.com/upload/2024/07/29/FILE_202407290138122950.png,190.0
2025 벤츠 A클래스(4세대),9.1 ~ 12.5km/ℓ,가솔린,준중형,"세단,해치백외형전체>",FF,8770,http://file.carisyou.com/upload/2023/11/15/FILE_202311150242357690.png,190.0
2024 대창모터스 e-토비,5.1km/kwh,전기,경형,버스,2WD,3290,http://file.carisyou.com/upload/2024/07/26/FILE_202407260406062010.png,
2024 벤츠 마이바흐 EQS SUV,3.5km/kwh,전기,대형,SUV,4WD,22360,http://file.carisyou.com/upload/2024/07/25/FILE_202407251054090490.png,
2024 지프 어벤저,5.0km/kwh,전기,소형,SUV,2WD,5640,http://file.carisyou.com/upload/2024/07/24/FILE_202407241025030410.png,
2025 렉서스 LM(2세대),10.1km/ℓ,가솔린/하이브리드,대형,RV,4WD,14657,http://file.carisyou.com/upload/2024/07/23/FILE_202407230205049660.png,275.0
2025 포르쉐 마칸 일렉트릭,4.0 ~ 4.3km/kwh,전기,준중형,SUV,2WD,1,http://file.carisyou.com/upload/2024/07/17/FILE_202407170128256560.png,
2025 기아 봉고3 트럭,6.1 ~ 7.0km/ℓ,엘피지,소형,트럭,FR,4150,http://file.carisyou.com/upload/2021/12/28/FILE_202112281242281790.png,138.0
2025 기아 뉴 셀토스,10.8 ~ 12.9km/ℓ,가솔린,소형,SUV,FF,2926,http://file.carisyou.com/upload/2022/08/31/FILE_202208311042297900.png,149.0
2024 벤츠 EQS SUV,3.6 ~ 3.7km/kwh,전기,대형,SUV,4WD,15860,http://file.carisyou.com/upload/2024/03/26/FILE_202403261017567070.png,
2025 폭스바겐 투아렉(3세대),10.8km/ℓ,디젤,중형,SUV,4WD,1,http://file.carisyou.com/upload/2024/07/11/FILE_202407110516440680.png,286.0
2025 알핀 A110(2세대),-,가솔린,소형,쿠페,MR,13000,http://file.carisyou.com/upload/2024/07/09/FILE_202407090419381740.png,300.0
2025 현대 캐스퍼 일렉트릭,5.1 ~ 5.8km/kwh,전기,소형,SUV,2WD,3190,http://file.carisyou.com/upload/2024/07/09/FILE_202407090104299560.png,
2025 마세라티 그란투리스모(2세대),"3.5 ~ 8.4km/kwh,km/ℓ","가솔린,전기",중형,쿠페,4WD,24425,http://file.carisyou.com/upload/2024/07/04/FILE_202407040523534100.png,490.0
2025 마세라티 그란카브리오(2세대),8.1km/ℓ,가솔린,중형,컨버터블,4WD,31225,http://file.carisyou.com/upload/2024/07/04/FILE_202407040523456540.png,550.0
2025 벤츠 GLA(2세대),10.9km/ℓ,가솔린,준중형,SUV,4WD,6910,http://file.carisyou.com/upload/2023/12/28/FILE_202312280958082120.png,224.0
2025 벤츠 CLA(2세대),9.2 ~ 12.0km/ℓ,가솔린,준중형,세단,4WD,9350,http://file.carisyou.com/upload/2023/12/28/FILE_202312281000380360.png,224.0
2024 현대 뉴 카운티,-,디젤,준중형,버스,2WD,9329,http://file.carisyou.com/upload/2021/07/08/FILE_202107080352560620.png,170.0
2025 르노코리아 그랑 콜레오스 하이브리드,15.0 ~ 15.7km/ℓ,가솔린/하이브리드,중형,SUV,FF,4406,http://file.carisyou.com/upload/2024/06/27/FILE_202406270345512430.png,144.0
2025 르노코리아 그랑 콜레오스,9.8 ~ 11.1km/ℓ,가솔린,중형,SUV,FF,4304,http://file.carisyou.com/upload/2024/06/27/FILE_202406270345386230.png,211.0
2024 비야디 T4K,2.6km/kwh,전기,소형,트럭,2WD,6490,http://file.carisyou.com/upload/2023/04/10/FILE_202304100429513810.png,
2025 벤츠 EQB,4.1km/kwh,전기,준중형,SUV,4WD,8360,http://file.carisyou.com/upload/2024/05/23/FILE_202405230155042960.png,
2025 현대 뉴 아반떼 N,10.4 ~ 10.6km/ℓ,가솔린,준중형,세단,FF,3517,http://file.carisyou.com/upload/2023/07/26/FILE_202307260936452240.png,280.0
2025 현대 뉴 아반떼 하이브리드(CN7),18.5 ~ 21.1km/ℓ,가솔린/하이브리드,준중형,세단,FF,3154,http://file.carisyou.com/upload/2023/03/13/FILE_202303131057436250.png,105.0
2025 현대 뉴 아반떼(CN7),10.3 ~ 15.0km/ℓ,"가솔린,엘피지",준중형,세단,FF,2783,http://file.carisyou.com/upload/2023/03/13/FILE_202303130931074190.png,123.0
2025 토요타 크라운,11.0 ~ 17.2km/ℓ,가솔린/하이브리드,준대형,세단,4WD,6845,http://file.carisyou.com/upload/2023/05/23/FILE_202305230342432280.png,186.0
2025 랜드로버 레인지로버 벨라,8.2 ~ 9.1km/ℓ,"가솔린,가솔린/하이브리드",중형,SUV,4WD,1,http://file.carisyou.com/upload/2024/01/19/FILE_202401190552088170.png,250.0
2024 혼다 어코드(11세대),12.9 ~ 16.7km/ℓ,"가솔린,가솔린/하이브리드",중형,세단,FF,5280,http://file.carisyou.com/upload/2023/10/06/FILE_202310060123158570.png,190.0
2024 기아 뉴 모닝(JA),14.7km/ℓ,가솔린,경형,해치백,FF,1820,http://file.carisyou.com/upload/2023/08/17/FILE_202308170339556250.png,76.0
2025 현대 그랜저 하이브리드(GN7),15.7 ~ 18.0km/ℓ,가솔린/하이브리드,준대형,세단,FF,5332,http://file.carisyou.com/upload/2022/11/15/FILE_202211150146388510.png,180.0
2025 현대 그랜저(GN7),7.8 ~ 11.7km/ℓ,"가솔린,엘피지",준대형,세단,FF,5023,http://file.carisyou.com/upload/2022/11/15/FILE_202211150145504180.png,198.0
2024 아우디 SQ8 e-트론,2.6km/kwh,전기,대형,SUV,4WD,15272,http://file.carisyou.com/upload/2024/06/05/FILE_202406050448308390.png,
2024 아우디 Q8 e-트론,2.9 ~ 3.0km/kwh,전기,대형,SUV,4WD,1860,http://file.carisyou.com/upload/2024/06/05/FILE_202406050417457810.png,
2024 미니 미니 컨트리맨(3세대),10.3 ~ 10.8km/ℓ,가솔린,소형,SUV,4WD,6700,http://file.carisyou.com/upload/2024/06/07/FILE_202406070138060760.png,204.0
2025 미니 미니 쿠퍼(4세대),12.0 ~ 12.7km/ℓ,가솔린,소형,해치백,FF,5510,http://file.carisyou.com/upload/2024/07/01/FILE_202407011011327350.png,163.0
2025 BMW M4(2세대),8.0 ~ 8.2km/ℓ,가솔린,준중형,"컨버터블,쿠페외형전체>",4WD,13770,http://file.carisyou.com/upload/2024/06/07/FILE_202406071002508050.png,530.0
2025 BMW Z4(3세대),10.2 ~ 10.7km/ℓ,가솔린,소형,컨버터블,FR,9910,http://file.carisyou.com/upload/2023/03/10/FILE_202303101041326420.png,197.0
2024 기아 EV3,5.1 ~ 5.4km/kwh,전기,소형,SUV,2WD,4850,http://file.carisyou.com/upload/2024/06/04/FILE_202406041058132380.png,
2025 미니 미니 컨트리맨 일렉트릭(3세대),4.4 ~ 4.8km/kwh,전기,소형,SUV,2WD,6610,http://file.carisyou.com/upload/2024/05/27/FILE_202405270349078850.png,
2024 KGM 코란도 EV,4.8km/kwh,전기,준중형,SUV,2WD,4546,http://file.carisyou.com/upload/2024/05/23/FILE_202405230313118760.png,
2024 벤츠 EQB,4.1km/kwh,전기,준중형,SUV,4WD,8200,http://file.carisyou.com/upload/2024/05/23/FILE_202405230155042960.png,
2024 벤츠 EQA,5.0km/kwh,전기,준중형,SUV,2WD,7360,http://file.carisyou.com/upload/2024/08/07/FILE_202408070944141260.png,
2025 쉐보레 뉴 트레일블레이저,11.6 ~ 12.9km/ℓ,가솔린,준중형,SUV,FF,3309,http://file.carisyou.com/upload/2023/07/19/FILE_202307190249475930.png,156.0
2024 랜드로버 디스커버리,7.5 ~ 10.8km/ℓ,"가솔린,디젤",중형,SUV,4WD,1,http://file.carisyou.com/upload/2021/06/23/FILE_202106231025152620.png,300.0
2024 기아 뉴 EV6,3.8 ~ 5.3km/kwh,전기,준중형,SUV,2WD,7220,http://file.carisyou.com/upload/2024/05/14/FILE_202405141020494220.png,
2025 렉서스 NX(2세대),14.0 ~ 14.4km/ℓ,가솔린/하이브리드,준중형,SUV,4WD,8231,http://file.carisyou.com/upload/2023/03/23/FILE_202303230243469280.png,189.0
2024 폭스바겐 제타(7세대),14.1km/ℓ,가솔린,준중형,세단,FF,3810,http://file.carisyou.com/upload/2024/05/16/FILE_202405160901504440.png,160.0
2024 KGM 뉴 토레스,8.9 ~ 11.2km/ℓ,"가솔린,엘피지",중형,SUV,FF,3714,http://file.carisyou.com/upload/2024/05/08/FILE_202405080346476290.png,170.0
2025 제네시스 뉴 GV70,8.5 ~ 10.2km/ℓ,가솔린,중형,SUV,FR,6135,http://file.carisyou.com/upload/2024/05/08/FILE_202405081041472230.png,304.0
2024 캐딜락 XT4,10.3km/ℓ,가솔린,준중형,SUV,4WD,6120,http://file.carisyou.com/upload/2024/05/07/FILE_202405070824324790.png,238.0
2024 벤틀리 플라잉스퍼(3세대),6.6km/ℓ,가솔린,대형,세단,4WD,32920,http://file.carisyou.com/upload/2019/06/13/FILE_201906130957325640.png,550.0
2024 벤틀리 컨티넨탈(3세대),7.4km/ℓ,가솔린,대형,쿠페,4WD,32890,http://file.carisyou.com/upload/2023/05/08/FILE_202305081018402360.png,550.0
2024 현대 ST1,-,전기,소형,트럭,2WD,7195,http://file.carisyou.com/upload/2024/04/24/FILE_202404240106010020.png,
2024 캐딜락 XT6,8.3km/ℓ,가솔린,대형,SUV,4WD,8539,http://file.carisyou.com/upload/2022/11/17/FILE_202211170147066170.png,314.0
2024 디피코 뉴 포트로,-,전기,경형,트럭,2WD,3333,http://file.carisyou.com/upload/2024/04/11/FILE_202404110504080240.png,
2025 미니 미니 쿠퍼 일렉트릭(4세대),5.0 ~ 5.3km/kwh,전기,소형,해치백,2WD,6050,http://file.carisyou.com/upload/2025/03/13/FILE_202503130126494890.png,
2024 벤츠 EQE SUV,3.4 ~ 4.1km/kwh,전기,중형,SUV,4WD,1850,http://file.carisyou.com/upload/2024/03/25/FILE_202403250949121750.png,
2025 르노코리아 뉴 QM6,8.6 ~ 11.6km/ℓ,"가솔린,엘피지",중형,SUV,FF,3720,http://file.carisyou.com/upload/2024/04/05/FILE_202404050353481740.png,140.0
2025 르노코리아 아르카나 하이브리드,17.0 ~ 17.4km/ℓ,가솔린/하이브리드,준중형,SUV,FF,3337,http://file.carisyou.com/upload/2025/04/01/FILE_202504011258243610.png,86.0
2025 르노코리아 아르카나,13.2 ~ 13.6km/ℓ,가솔린,준중형,SUV,FF,2914,http://file.carisyou.com/upload/2024/04/03/FILE_202404030453563110.png,123.0
2024 대창모터스 다니고 EV,3.1 ~ 3.4km/kwh,전기,소형,트럭,2WD,5780,http://file.carisyou.com/upload/2022/08/18/FILE_202208180430270230.png,
2024 테슬라 모델 3,4.8 ~ 5.7km/kwh,전기,준중형,세단,2WD,6939,http://file.carisyou.com/upload/2024/04/03/FILE_202404030359257140.png,
2024 테슬라 모델 Y,5.0 ~ 5.2km/kwh,전기,준중형,SUV,2WD,7199,http://file.carisyou.com/upload/2023/03/08/FILE_202303080922337520.png,
2024 BMW X2(2세대),10.1 ~ 10.8km/ℓ,가솔린,준중형,SUV,4WD,8150,http://file.carisyou.com/upload/2024/04/03/FILE_202404030249153580.png,204.0
2024 기아 뉴 K9(RJ),8.1 ~ 9.0km/ℓ,가솔린,대형,세단,FR,8553,http://file.carisyou.com/upload/2021/06/15/FILE_202106150446361840.png,315.0
2024 캐딜락 에스컬레이드(5세대),6.5 ~ 7.0km/ℓ,가솔린,대형,SUV,4WD,15757,http://file.carisyou.com/upload/2021/06/10/FILE_202106100304380000.png,426.0
2025 렉서스 ES(7세대),16.8 ~ 17.2km/ℓ,가솔린/하이브리드,중형,세단,FF,7410,http://file.carisyou.com/upload/2024/01/18/FILE_202401180100060120.png,178.0
2023 벤츠 EQS SUV,3.5 ~ 3.6km/kwh,전기,대형,SUV,4WD,15500,http://file.carisyou.com/upload/2024/03/26/FILE_202403261017567070.png,
2023 벤츠 EQE SUV,3.8 ~ 3.9km/kwh,전기,중형,SUV,4WD,1990,http://file.carisyou.com/upload/2024/03/25/FILE_202403250949121750.png,
2024 제네시스 G90(RS4),8.2 ~ 9.3km/ℓ,가솔린,대형,"리무진,세단외형전체>",FR,1,http://file.carisyou.com/upload/2021/12/14/FILE_202112140254196890.png,380.0
2024 아우디 A5(2세대),10.7 ~ 15.0km/ℓ,"가솔린,디젤",준중형,"컨버터블,쿠페,해치백외형전체>",4WD,8145,http://file.carisyou.com/upload/2022/05/06/FILE_202205060303206560.png,204.0
2024 포드 레인저(2세대),9.0 ~ 10.1km/ℓ,디젤,대형,픽업트럭,4WD,7990,http://file.carisyou.com/upload/2023/01/16/FILE_202301160202008150.png,205.0
2025 쉐보레 트랙스 크로스오버(9BQC),12.0 ~ 12.7km/ℓ,가솔린,준중형,SUV,FF,2836,http://file.carisyou.com/upload/2023/03/22/FILE_202303220224424070.png,139.0
2024 벤츠 AMG GT,8.8km/ℓ,가솔린,중형,해치백,4WD,15440,http://file.carisyou.com/upload/2022/03/31/FILE_202203310257104250.png,367.0
2024 제네시스 GV60,4.1 ~ 5.1km/kwh,전기,준중형,SUV,2WD,7343,http://file.carisyou.com/upload/2022/12/16/FILE_202212160143594450.png,
2024 캐딜락 리릭,3.9km/kwh,전기,준대형,SUV,4WD,1696,http://file.carisyou.com/upload/2024/03/06/FILE_202403060101449780.png,
2024 현대 코나 일렉트릭(SX2),4.7 ~ 5.5km/kwh,전기,소형,SUV,2WD,5086,http://file.carisyou.com/upload/2023/04/13/FILE_202304130114063590.png,
2024 현대 뉴 아이오닉 5,4.4 ~ 5.2km/kwh,전기,준중형,SUV,2WD,6242,http://file.carisyou.com/upload/2024/03/04/FILE_202403040148482550.png,
2024 현대 스타리아 하이브리드,12.1 ~ 13.0km/ℓ,가솔린/하이브리드,소형,버스,FF,7436,http://file.carisyou.com/upload/2024/02/29/FILE_202402290144481010.png,180.0
2024 현대 스타리아,6.3 ~ 12.3km/ℓ,"디젤,엘피지",소형,버스,FF,7292,http://file.carisyou.com/upload/2021/06/10/FILE_202106100952596670.png,177.0
2024 신위안 이티밴,5.3km/kwh,전기,소형,버스,2WD,3670,http://file.carisyou.com/upload/2023/02/21/FILE_202302210141074630.png,
2025 로터스 엘레트라,3.1 ~ 3.5km/kwh,전기,대형,SUV,4WD,14900,http://file.carisyou.com/upload/2024/02/16/FILE_202402160347398350.png,
2024 로터스 에미라,7.7 ~ 9.5km/ℓ,가솔린,준중형,쿠페,MR,14500,http://file.carisyou.com/upload/2021/11/01/FILE_202111010256102580.png,364.0
2024 벤츠 CLE,9.1 ~ 12.1km/ℓ,가솔린,중형,"컨버터블,쿠페외형전체>",FR,9940,http://file.carisyou.com/upload/2024/02/16/FILE_202402160955503020.png,204.0
2024 폭스바겐 티구안(2세대),10.1 ~ 15.6km/ℓ,"가솔린,디젤",준중형,SUV,FF,5374,http://file.carisyou.com/upload/2021/08/03/FILE_202108030114475350.png,186.0
2024 벤츠 SL(7세대),6.5 ~ 8.8km/ℓ,가솔린,중형,컨버터블,4WD,23660,http://file.carisyou.com/upload/2023/03/20/FILE_202303200122191330.png,585.0
2024 현대 코나 하이브리드(SX2),18.1 ~ 19.8km/ℓ,가솔린/하이브리드,소형,SUV,FF,3580,http://file.carisyou.com/upload/2023/01/18/FILE_202301181038184400.png,105.0
2024 현대 코나(SX2),11.2 ~ 13.6km/ℓ,가솔린,소형,SUV,FF,3373,http://file.carisyou.com/upload/2023/01/19/FILE_202301190921384420.png,149.0
2024 아우디 A7(2세대),9.5 ~ 15.7km/ℓ,"가솔린,가솔린/하이브리드,디젤",준대형,해치백,4WD,1280,http://file.carisyou.com/upload/2025/01/13/FILE_202501131125294360.png,252.0
2024 GMC 시에라(5세대),6.6km/ℓ,가솔린,대형,픽업트럭,4WD,9550,http://file.carisyou.com/upload/2023/02/08/FILE_202302081033469850.png,426.0
2024 토요타 시에나(4세대),13.7 ~ 14.5km/ℓ,가솔린/하이브리드,대형,RV,4WD,7000,http://file.carisyou.com/upload/2022/02/08/FILE_202202080453115700.png,189.0
2024 기아 봉고3 EV,2.7 ~ 3.1km/kwh,전기,소형,트럭,2WD,6198,http://file.carisyou.com/upload/2021/12/24/FILE_202112241114245700.png,
2024 벤츠 마이바흐 GLS(3세대),6.1km/ℓ,가솔린,대형,SUV,4WD,27760,http://file.carisyou.com/upload/2024/01/31/FILE_202401310146182370.png,557.0
2024 현대 포터2 일렉트릭,2.7 ~ 3.1km/kwh,전기,소형,트럭,2WD,5006,http://file.carisyou.com/upload/2019/12/11/FILE_201912111011447610.png,
2024 토요타 GR86,9.5km/ℓ,가솔린,준중형,쿠페,FR,4708,http://file.carisyou.com/upload/2022/05/16/FILE_202205160937058990.png,231.0
2024 랜드로버 레인지로버 벨라,8.9 ~ 9.1km/ℓ,"가솔린,가솔린/하이브리드",중형,SUV,4WD,1,http://file.carisyou.com/upload/2024/01/19/FILE_202401190552088170.png,249.0
2024 포드 머스탱(7세대),7.2 ~ 9.6km/ℓ,가솔린,중형,"컨버터블,쿠페외형전체>",FR,8470,http://file.carisyou.com/upload/2024/02/15/FILE_202402151109151320.png,319.0
2024 랜드로버 디펜더,6.9 ~ 10.2km/ℓ,"가솔린,디젤","대형,준중형",SUV,4WD,1380,http://file.carisyou.com/upload/2024/01/19/FILE_202401190118577460.png,249.0
2024 랜드로버 디스커버리 스포츠,8.2km/ℓ,가솔린,준중형,SUV,4WD,7660,http://file.carisyou.com/upload/2024/01/30/FILE_202401300340302500.png,249.0
2024 토요타 GR 수프라(5세대),10.2km/ℓ,가솔린,준중형,쿠페,FR,7980,http://file.carisyou.com/upload/2019/01/15/FILE_201901151111513480.png,387.0
2024 렉서스 LS(5세대),7.9 ~ 9.6km/ℓ,"가솔린,가솔린/하이브리드",대형,세단,4WD,13750,http://file.carisyou.com/upload/2022/11/17/FILE_202211171011302310.png,422.0
2024 벤츠 E클래스(6세대),10.5 ~ 15.4km/ℓ,"가솔린,디젤",중형,세단,FR,1,http://file.carisyou.com/upload/2024/01/04/FILE_202401040227284180.png,204.0
2024 푸조 5008(2세대),12.1 ~ 16.1km/ℓ,"가솔린,디젤",중형,SUV,FF,5100,http://file.carisyou.com/upload/2024/07/18/FILE_202407181114254920.png,131.0
2024 아우디 SQ7,6.7km/ℓ,가솔린,대형,SUV,4WD,14800,http://file.carisyou.com/upload/2024/01/04/FILE_202401041113016220.png,507.0
2024 푸조 408,12.9km/ℓ,가솔린,준중형,해치백,FF,4690,http://file.carisyou.com/upload/2023/05/23/FILE_202305230102114180.png,131.0
2024 아우디 RS6(8세대),7.1km/ℓ,가솔린,중형,왜건,4WD,17550,http://file.carisyou.com/upload/2023/12/29/FILE_202312290935204760.png,630.0
2024 벤츠 GLA(2세대),10.8km/ℓ,가솔린,준중형,SUV,4WD,6590,http://file.carisyou.com/upload/2023/12/28/FILE_202312280958082120.png,224.0
2024 벤츠 CLA(2세대),11.9km/ℓ,가솔린,준중형,세단,4WD,6070,http://file.carisyou.com/upload/2023/12/28/FILE_202312281000380360.png,224.0
2024 제네시스 뉴 G80(RG3),8.7 ~ 10.6km/ℓ,가솔린,준대형,세단,FR,7021,http://file.carisyou.com/upload/2023/12/27/FILE_202312270112559470.png,304.0
2024 벤츠 GLB,9.5 ~ 14.2km/ℓ,"가솔린,디젤",준중형,SUV,FF,7510,http://file.carisyou.com/upload/2023/12/22/FILE_202312220344117220.png,150.0
2024 아우디 RS3(4세대),9.2km/ℓ,가솔린,준중형,세단,4WD,7770,http://file.carisyou.com/upload/2023/07/27/FILE_202307270214142330.png,407.0
2024 아우디 Q3(2세대),9.9 ~ 14.8km/ℓ,"가솔린,디젤",준중형,SUV,FF,5965,http://file.carisyou.com/upload/2022/06/02/FILE_202206021106043010.png,150.0
2024 아우디 RS7(2세대),7.3km/ℓ,가솔린,준대형,해치백,4WD,18180,http://file.carisyou.com/upload/2023/12/21/FILE_202312211026362540.png,630.0
2024 지프 랭글러(4세대),7.5 ~ 12.0km/ℓ,"가솔린,가솔린/하이브리드","준중형,중형",SUV,4WD,9990,http://file.carisyou.com/upload/2024/09/12/FILE_202409121114396850.png,272.0
2024 벤틀리 벤테이가,7.0km/ℓ,가솔린,대형,SUV,4WD,26350,http://file.carisyou.com/upload/2023/04/07/FILE_202304070315362050.png,550.0
2024 벤츠 EQE,3.6 ~ 4.6km/kwh,전기,중형,세단,2WD,1350,http://file.carisyou.com/upload/2022/09/30/FILE_202209300950595120.png,
2024 렉서스 LC,7.5 ~ 10.9km/ℓ,"가솔린,가솔린/하이브리드",중형,"컨버터블,쿠페외형전체>",FR,18170,http://file.carisyou.com/upload/2023/06/23/FILE_202306230133099050.png,477.0
2024 현대 뉴 투싼 하이브리드(NX4),14.3 ~ 16.2km/ℓ,가솔린/하이브리드,준중형,SUV,FF,4161,http://file.carisyou.com/upload/2023/12/06/FILE_202312060230172670.png,180.0
2024 현대 뉴 투싼(NX4),11.2 ~ 14.3km/ℓ,"가솔린,디젤",준중형,SUV,FF,4004,http://file.carisyou.com/upload/2023/12/06/FILE_202312060215369920.png,180.0
2024 아우디 Q5(2세대),10.2 ~ 13.0km/ℓ,"가솔린,디젤",중형,SUV,4WD,7979,http://file.carisyou.com/upload/2021/06/15/FILE_202106150459162330.png,265.0
2024 혼다 파일럿(4세대),8.4km/ℓ,가솔린,대형,SUV,4WD,6940,http://file.carisyou.com/upload/2023/08/29/FILE_202308291024431350.png,289.0
2024 토요타 RAV4(5세대),15.1 ~ 16.1km/ℓ,가솔린/하이브리드,준중형,SUV,FF,5659,http://file.carisyou.com/upload/2022/04/13/FILE_202204130202152340.png,178.0
2024 푸조 3008(2세대),12.2 ~ 15.8km/ℓ,"가솔린,디젤",준중형,SUV,FF,4720,http://file.carisyou.com/upload/2024/07/18/FILE_202407181118127370.png,131.0
2024 BMW XM,10.0km/ℓ,가솔린/하이브리드,대형,SUV,4WD,22190,http://file.carisyou.com/upload/2023/03/28/FILE_202303281008288930.png,489.0
2024 랜드로버 레인지로버 이보크(2세대),8.9km/ℓ,가솔린,준중형,SUV,4WD,8030,http://file.carisyou.com/upload/2024/03/26/FILE_202403261110208410.png,249.0
2024 랜드로버 레인지로버 스포츠(3세대),7.1 ~ 10.4km/ℓ,"가솔린,가솔린/하이브리드,디젤",중형,SUV,4WD,14180,http://file.carisyou.com/upload/2024/01/30/FILE_202401300337217010.png,360.0
2024 포르쉐 파나메라(3세대),7.1 ~ 8.0km/ℓ,"가솔린,가솔린/하이브리드",대형,해치백,4WD,17670,http://file.carisyou.com/upload/2023/11/27/FILE_202311271017266300.png,310.0
2024 기아 봉고3 트럭,6.1 ~ 7.0km/ℓ,엘피지,소형,트럭,FR,4115,http://file.carisyou.com/upload/2021/12/28/FILE_202112281242281790.png,138.0
2024 현대 포터2,6.0 ~ 7.0km/ℓ,엘피지,소형,트럭,FR,4185,http://file.carisyou.com/upload/2018/09/19/FILE_201809191103077550.png,138.0
2025 볼보 EX30,4.8km/kwh,전기,소형,SUV,2WD,5183,http://file.carisyou.com/upload/2023/11/20/FILE_202311201005517060.png,
2024 벤츠 G클래스(2세대),5.6 ~ 8.2km/ℓ,"가솔린,디젤",중형,SUV,4WD,18020,https://file.carisyou.com/upload/2018/02/08/FILE_201802080440348980.png,330.0
2024 벤츠 GLS(3세대),6.0 ~ 10.4km/ℓ,"가솔린,디젤",대형,SUV,4WD,16020,http://file.carisyou.com/upload/2023/11/16/FILE_202311160452428280.png,367.0
2024 벤츠 A클래스(4세대),10.6 ~ 12.2km/ℓ,가솔린,준중형,"세단,해치백외형전체>",FF,6560,http://file.carisyou.com/upload/2023/11/15/FILE_202311150242357690.png,190.0
2024 랜드로버 레인지로버(5세대),7.8 ~ 10.1km/ℓ,"가솔린,가솔린/하이브리드,디젤",대형,SUV,4WD,22390,http://file.carisyou.com/upload/2021/11/29/FILE_202111290547572310.png,350.0
2024 벤츠 EQB,4.1km/kwh,전기,준중형,SUV,4WD,8200,http://file.carisyou.com/upload/2021/11/26/FILE_202111260435152130.png,
2024 기아 뉴 카니발 하이브리드(KA4),12.4 ~ 14.0km/ℓ,가솔린/하이브리드,대형,RV,FF,9650,http://file.carisyou.com/upload/2024/02/05/FILE_202402050415167530.png,180.0
2024 기아 뉴 카니발(KA4),8.5 ~ 13.1km/ℓ,"가솔린,디젤",대형,RV,FF,9200,http://file.carisyou.com/upload/2024/02/05/FILE_202402050415071560.png,294.0
2024 기아 뉴 레이,12.7 ~ 13.0km/ℓ,가솔린,경형,RV,FF,1865,http://file.carisyou.com/upload/2022/09/01/FILE_202209010954489680.png,76.0
2024 BMW X4 M,7.8km/ℓ,가솔린,준중형,SUV,4WD,12920,http://file.carisyou.com/upload/2021/11/18/FILE_202111180308063450.png,510.0
2024 BMW X3 M,7.7km/ℓ,가솔린,준중형,SUV,4WD,12350,http://file.carisyou.com/upload/2021/11/18/FILE_202111181128120390.png,510.0
2023 페라리 296 GTS,7.7km/ℓ,가솔린/하이브리드,준중형,컨버터블,MR,46100,http://file.carisyou.com/upload/2023/11/06/FILE_202311060918214880.png,664.0
2024 쉐보레 콜로라도(GMT31XX-2),8.1 ~ 8.9km/ℓ,가솔린,대형,픽업트럭,4WD,7279,http://file.carisyou.com/upload/2023/11/03/FILE_202311030451193510.png,314.0
2024 토요타 크라운,11.0 ~ 17.2km/ℓ,가솔린/하이브리드,준대형,세단,4WD,6640,http://file.carisyou.com/upload/2023/05/23/FILE_202305230342432280.png,186.0
2024 토요타 프리우스(5세대),19.4 ~ 20.9km/ℓ,가솔린/하이브리드,준중형,해치백,FF,4915,http://file.carisyou.com/upload/2023/11/08/FILE_202311080916526390.png,152.0
2024 볼보 V60 크로스 컨트리(2세대),10.4km/ℓ,가솔린,준중형,왜건,4WD,6260,http://file.carisyou.com/upload/2022/09/28/FILE_202209281043138290.png,250.0
2024 볼보 S90,10.2 ~ 11.9km/ℓ,"가솔린,가솔린/하이브리드",준대형,세단,FF,8647,http://file.carisyou.com/upload/2024/12/09/FILE_202412090949461200.png,250.0
2024 볼보 V90 크로스 컨트리,11.0km/ℓ,가솔린,중형,왜건,4WD,7820,http://file.carisyou.com/upload/2020/10/22/FILE_202010220952255650.png,250.0
2024 볼보 XC90(2세대),9.1 ~ 11.0km/ℓ,"가솔린,가솔린/하이브리드",준대형,SUV,4WD,1,http://file.carisyou.com/upload/2019/09/26/FILE_201909261013329930.png,300.0
2024 벤츠 GLC(3세대),8.3 ~ 14.1km/ℓ,"가솔린,디젤",준중형,SUV,4WD,1,http://file.carisyou.com/upload/2023/06/16/FILE_202306161010404980.png,197.0
2024 벤츠 C클래스(5세대),11.1 ~ 11.9km/ℓ,가솔린,준중형,세단,FR,7500,http://file.carisyou.com/upload/2022/11/21/FILE_202211210924075450.png,204.0
2024 벤츠 EQA,4.9km/kwh,전기,준중형,SUV,2WD,7360,http://file.carisyou.com/upload/2021/06/24/FILE_202106241221324420.png,
2024 BMW M2(2세대),8.5km/ℓ,가솔린,준중형,쿠페,FR,9350,http://file.carisyou.com/upload/2023/07/05/FILE_202307050524409530.png,460.0
2024 링컨 노틸러스(2세대),9.0km/ℓ,가솔린,중형,SUV,4WD,7740,http://file.carisyou.com/upload/2023/11/01/FILE_202311011029012570.png,252.0
2024 폭스바겐 골프(8세대),11.5 ~ 17.8km/ℓ,"가솔린,디젤",준중형,해치백,FF,5230,http://file.carisyou.com/upload/2022/01/13/FILE_202201130131387030.png,245.0
2024 폴스타 폴스타 2,4.3 ~ 5.1km/kwh,전기,준중형,해치백,2WD,6090,http://file.carisyou.com/upload/2023/10/27/FILE_202310270121534570.png,
2024 기아 뉴 K5 하이브리드(DL3),18.8 ~ 19.8km/ℓ,가솔린/하이브리드,중형,세단,FF,3811,http://file.carisyou.com/upload/2024/01/16/FILE_202401160246451980.png,152.0
2024 기아 뉴 K5(DL3),9.5 ~ 13.7km/ℓ,"가솔린,엘피지",중형,세단,FF,3526,http://file.carisyou.com/upload/2024/01/16/FILE_202401160245434840.png,160.0
2023 지프 레니게이드,10.4km/ℓ,가솔린,소형,SUV,FF,4800,http://file.carisyou.com/upload/2022/06/10/FILE_202206100940268820.png,173.0
2024 BMW iX,3.4 ~ 3.7km/kwh,전기,중형,SUV,4WD,15200,http://file.carisyou.com/upload/2021/11/23/FILE_202111230454480600.png,
2024 BMW 2시리즈(2세대),9.6 ~ 11.2km/ℓ,가솔린,준중형,"세단,쿠페외형전체>",FF,7470,http://file.carisyou.com/upload/2019/11/04/FILE_201911040330378920.png,192.0
2024 BMW 1시리즈(3세대),10.0 ~ 11.0km/ℓ,가솔린,준중형,해치백,FF,6180,http://file.carisyou.com/upload/2019/05/27/FILE_201905271129437730.png,192.0
2024 BMW iX3,4.1km/kwh,전기,준중형,SUV,2WD,8460,http://file.carisyou.com/upload/2021/11/23/FILE_202111230455450350.png,
2024 BMW iX1,4.2km/kwh,전기,준중형,SUV,4WD,6960,http://file.carisyou.com/upload/2023/01/26/FILE_202301261100344100.png,
2024 BMW X4(2세대),8.5 ~ 12.5km/ℓ,"가솔린,디젤",준중형,SUV,4WD,1,http://file.carisyou.com/upload/2021/12/02/FILE_202112020116175890.png,184.0
2024 BMW X3(3세대),9.2 ~ 12.2km/ℓ,"가솔린,가솔린/하이브리드,디젤",준중형,SUV,4WD,9890,http://file.carisyou.com/upload/2021/12/01/FILE_202112010514468840.png,184.0
2024 BMW X1(3세대),10.2 ~ 14.6km/ℓ,"가솔린,디젤",준중형,SUV,FF,7580,http://file.carisyou.com/upload/2023/03/06/FILE_202303060536277170.png,150.0
2024 BMW M8(2세대),7.3 ~ 7.6km/ℓ,가솔린,준대형,"세단,쿠페외형전체>",4WD,24940,http://file.carisyou.com/upload/2019/10/02/FILE_201910020354195000.png,625.0
2024 BMW 8시리즈(2세대),7.6 ~ 7.7km/ℓ,가솔린,준대형,"세단,쿠페외형전체>",4WD,14460,http://file.carisyou.com/upload/2024/11/08/FILE_202411080347539220.png,530.0
2024 BMW 6시리즈 그란 투리스모(4세대),9.3 ~ 13.5km/ℓ,"가솔린,디젤",대형,해치백,FR,1,http://file.carisyou.com/upload/2020/10/21/FILE_202010211046338810.png,190.0
2024 BMW 2시리즈 액티브 투어러(2세대),12.2 ~ 15.8km/ℓ,"가솔린,디젤",준중형,RV,FF,5140,http://file.carisyou.com/upload/2022/08/04/FILE_202208040204075900.png,204.0
2024 BMW 3시리즈(7세대),9.6 ~ 15.0km/ℓ,"가솔린,디젤",준중형,"세단,왜건외형전체>",FR,9090,http://file.carisyou.com/upload/2022/11/07/FILE_202211070305035170.png,184.0
2024 렉서스 ES(7세대),16.8 ~ 17.2km/ℓ,가솔린/하이브리드,중형,세단,FF,7410,http://file.carisyou.com/upload/2024/01/18/FILE_202401180100060120.png,178.0
2024 BMW i7,3.3 ~ 3.8km/kwh,전기,대형,세단,4WD,16690,http://file.carisyou.com/upload/2022/07/08/FILE_202207081005584990.png,
2024 BMW 7시리즈(7세대),10.3 ~ 15.0km/ℓ,"가솔린,가솔린/하이브리드,디젤",대형,세단,4WD,14730,http://file.carisyou.com/upload/2022/07/08/FILE_202207080916071430.png,381.0
2024 포르쉐 타이칸,2.8 ~ 3.2km/kwh,전기,준대형,"세단,왜건외형전체>",2WD,12990,http://file.carisyou.com/upload/2021/11/18/FILE_202111180506182220.png,
2024 포르쉐 911(8세대),6.5 ~ 8.5km/ℓ,가솔린,준중형,"컨버터블,쿠페외형전체>",RR,17110,http://file.carisyou.com/upload/2021/10/21/FILE_202110210314097550.png,392.0
2024 포르쉐 마칸,7.6 ~ 7.8km/ℓ,가솔린,준중형,SUV,4WD,1780,http://file.carisyou.com/upload/2022/03/29/FILE_202203290152467640.png,389.0
2024 포르쉐 718 박스터(3세대),8.4km/ℓ,가솔린,준중형,컨버터블,MR,13530,http://file.carisyou.com/upload/2017/10/20/FILE_201710201110336690.png,407.0
2024 포르쉐 718 카이맨(2세대),8.4km/ℓ,가솔린,준중형,쿠페,MR,13050,http://file.carisyou.com/upload/2022/11/08/FILE_202211081022181230.png,407.0
2023 혼다 어코드(11세대),12.9 ~ 16.7km/ℓ,"가솔린,가솔린/하이브리드",중형,세단,FF,5340,http://file.carisyou.com/upload/2023/10/06/FILE_202310060123158570.png,190.0
2024 벤츠 마이바흐 S클래스(7세대),6.0 ~ 8.0km/ℓ,가솔린,대형,세단,4WD,29860,http://file.carisyou.com/upload/2021/10/28/FILE_202110280232451480.png,503.0
2024 벤츠 S클래스(7세대),7.9 ~ 12.8km/ℓ,"가솔린,가솔린/하이브리드,디젤",대형,세단,4WD,15810,http://file.carisyou.com/upload/2022/09/23/FILE_202209230928452320.png,367.0
2024 BMW Z4(3세대),10.2 ~ 10.7km/ℓ,가솔린,소형,컨버터블,FR,9880,http://file.carisyou.com/upload/2023/03/10/FILE_202303101041326420.png,197.0
2024 기아 K8 하이브리드(GL3),17.1 ~ 18.0km/ℓ,가솔린/하이브리드,준대형,세단,FF,4617,http://file.carisyou.com/upload/2021/02/17/FILE_202102170940471340.png,180.0
2024 기아 K8(GL3),7.7 ~ 12.0km/ℓ,"가솔린,엘피지",준대형,세단,FF,4624,http://file.carisyou.com/upload/2021/02/17/FILE_202102170940471340.png,240.0
2024 르노코리아 마스터,10.5 ~ 11.0km/ℓ,디젤,소형,버스,FF,3845,http://file.carisyou.com/upload/2020/03/18/FILE_202003180531481850.png,150.0
2024 제네시스 뉴 GV80 쿠페,7.8 ~ 8.3km/ℓ,가솔린,준대형,SUV,4WD,9190,http://file.carisyou.com/upload/2023/09/27/FILE_202309270132284800.png,304.0
2024 제네시스 뉴 GV80,7.9 ~ 9.3km/ℓ,가솔린,준대형,SUV,FR,7830,http://file.carisyou.com/upload/2023/09/27/FILE_202309270128370680.png,304.0
2024 볼보 XC40 리차지,4.4km/kwh,전기,준중형,SUV,4WD,6769,http://file.carisyou.com/upload/2023/09/18/FILE_202309181127481850.png,
2024 볼보 XC40,10.6km/ℓ,가솔린,준중형,SUV,4WD,5430,http://file.carisyou.com/upload/2023/09/18/FILE_202309181126106970.png,197.0
2024 KGM 토레스,8.9 ~ 11.2km/ℓ,"가솔린,엘피지",중형,SUV,FF,3706,http://file.carisyou.com/upload/2022/06/13/FILE_202206130931369990.png,170.0
2024 현대 아이오닉 6,5.5 ~ 6.2km/kwh,전기,중형,세단,2WD,6182,http://file.carisyou.com/upload/2022/07/15/FILE_202207150127597720.png,
2024 BMW i5,3.8 ~ 4.1km/kwh,전기,중형,세단,2WD,1,http://file.carisyou.com/upload/2023/09/06/FILE_202309060405066500.png,
2024 BMW 5시리즈(8세대),11.1 ~ 15.9km/ℓ,"가솔린,가솔린/하이브리드,디젤",중형,세단,FR,9540,http://file.carisyou.com/upload/2023/09/06/FILE_202309061102221390.png,190.0
2023 마세라티 르반떼,5.8 ~ 7.9km/ℓ,가솔린,대형,SUV,4WD,15200,http://file.carisyou.com/upload/2023/09/06/FILE_202309060922572290.png,330.0
2023 마세라티 기블리,6.5 ~ 8.9km/ℓ,가솔린,준대형,세단,FR,13600,http://file.carisyou.com/upload/2023/09/06/FILE_202309061005107910.png,330.0
2024 쎄보모빌리티 쎄보-C SE,6.3km/kwh,전기,경형,해치백,2WD,1690,http://file.carisyou.com/upload/2019/10/10/FILE_201910100933326590.png,
2024 볼보 XC60(2세대),9.4 ~ 11.7km/ℓ,"가솔린,가솔린/하이브리드",중형,SUV,4WD,8640,http://file.carisyou.com/upload/2021/09/17/FILE_202109170154404060.png,250.0
2024 볼보 S60(3세대),11.8km/ℓ,가솔린,준중형,세단,FF,5640,http://file.carisyou.com/upload/2023/09/05/FILE_202309050130160170.png,250.0
2024 르노코리아 XM3 하이브리드,17.0 ~ 17.4km/ℓ,가솔린/하이브리드,준중형,SUV,FF,3517,http://file.carisyou.com/upload/2022/10/04/FILE_202210041039398710.png,86.0
2024 르노코리아 XM3,13.2 ~ 13.8km/ℓ,가솔린,준중형,SUV,FF,2864,http://file.carisyou.com/upload/2023/09/18/FILE_202309180916396670.png,123.0
2024 현대 아이오닉 5 N,3.7km/kwh,전기,준중형,SUV,4WD,7600,http://file.carisyou.com/upload/2023/09/05/FILE_202309050930266730.png,
2024 벤츠 GLE(4세대),8.0 ~ 11.4km/ℓ,"가솔린,가솔린/하이브리드,디젤",중형,SUV,4WD,11260,http://file.carisyou.com/upload/2023/08/28/FILE_202308280216070440.png,269.0
2024 기아 뉴 레이 EV,5.1km/kwh,전기,경형,RV,2WD,2955,http://file.carisyou.com/upload/2023/08/29/FILE_202308291058138900.png,
2024 포르쉐 카이엔(3세대),6.5 ~ 8.4km/ℓ,"가솔린,가솔린/하이브리드",중형,SUV,4WD,13310,http://file.carisyou.com/upload/2023/08/17/FILE_202308171119591940.png,360.0
2024 기아 뉴 쏘렌토 하이브리드(MQ4),13.8 ~ 15.7km/ℓ,가솔린/하이브리드,중형,SUV,FF,4831,http://file.carisyou.com/upload/2023/09/07/FILE_202309070442274130.png,180.0
2024 기아 뉴 쏘렌토(MQ4),9.3 ~ 14.3km/ℓ,"가솔린,디젤",중형,SUV,FF,4598,http://file.carisyou.com/upload/2023/09/07/FILE_202309070441362840.png,281.0
2024 현대 싼타페 하이브리드(MX5),13.0 ~ 15.5km/ℓ,가솔린/하이브리드,중형,SUV,FF,5036,http://file.carisyou.com/upload/2023/08/14/FILE_202308141019512170.png,180.0
2024 현대 싼타페(MX5),9.7 ~ 11.0km/ℓ,가솔린,중형,SUV,FF,4596,http://file.carisyou.com/upload/2023/08/14/FILE_202308141019435910.png,281.0
2023 지리 쎄아,3.8km/kwh,전기,소형,버스,2WD,3980,http://file.carisyou.com/upload/2023/08/09/FILE_202308090324339690.png,
2023 혼다 파일럿(4세대),8.4km/ℓ,가솔린,대형,SUV,4WD,6940,http://file.carisyou.com/upload/2023/08/29/FILE_202308291024431350.png,289.0
2024 토요타 알파드(4세대),13.5km/ℓ,가솔린/하이브리드,대형,RV,4WD,9791,http://file.carisyou.com/upload/2023/09/18/FILE_202309180937249960.png,190.0
2024 BMW M3(6세대),8.1 ~ 8.3km/ℓ,가솔린,준중형,"세단,왜건외형전체>",4WD,13770,http://file.carisyou.com/upload/2023/11/09/FILE_202311091102452000.png,510.0
2024 볼보 C40 리차지,4.6km/kwh,전기,준중형,SUV,4WD,6865,http://file.carisyou.com/upload/2022/01/13/FILE_202201130111276390.png,
2024 BMW X5 M(3세대),6.9km/ℓ,가솔린,중형,SUV,4WD,18990,http://file.carisyou.com/upload/2023/08/03/FILE_202308031042157290.png,625.0
2024 제네시스 일렉트리파이드 GV70,4.6km/kwh,전기,중형,SUV,4WD,7332,http://file.carisyou.com/upload/2023/07/26/FILE_202307260424098480.png,
2024 제네시스 GV70,8.6 ~ 13.6km/ℓ,"가솔린,디젤",중형,SUV,FR,5989,http://file.carisyou.com/upload/2023/07/26/FILE_202307260419326320.png,304.0
2023 현대 뉴 아반떼 N,10.4 ~ 10.6km/ℓ,가솔린,준중형,세단,FF,3560,http://file.carisyou.com/upload/2023/07/26/FILE_202307260936452240.png,280.0
2023 아우디 RS3(4세대),9.2km/ℓ,가솔린,준중형,세단,4WD,7695,http://file.carisyou.com/upload/2023/07/27/FILE_202307270214142330.png,407.0
2024 기아 뉴 K3(BD),12.1 ~ 15.2km/ℓ,가솔린,준중형,"세단,해치백외형전체>",FF,2784,http://file.carisyou.com/upload/2023/07/19/FILE_202307190245568210.png,123.0
2024 쉐보레 뉴 트레일블레이저,11.6 ~ 12.9km/ℓ,가솔린,준중형,SUV,FF,3339,http://file.carisyou.com/upload/2023/07/19/FILE_202307190249475930.png,156.0
2024 기아 스포티지 하이브리드(NQ5),15.2 ~ 16.7km/ℓ,가솔린/하이브리드,준중형,SUV,FF,4054,http://file.carisyou.com/upload/2021/07/28/FILE_202107280515054230.png,180.0
2024 기아 스포티지(NQ5),9.0 ~ 14.5km/ℓ,"가솔린,디젤,엘피지",준중형,SUV,FF,3892,http://file.carisyou.com/upload/2021/07/28/FILE_202107280514485110.png,180.0
2024 KGM 코란도(C300),10.5 ~ 11.5km/ℓ,가솔린,준중형,SUV,FF,3019,http://file.carisyou.com/upload/2019/02/18/FILE_201902180945141410.png,170.0
2023 기아 뉴 모닝(JA),15.1km/ℓ,가솔린,경형,해치백,FF,1655,http://file.carisyou.com/upload/2023/08/17/FILE_202308170339556250.png,76.0
2023 푸조 3008(2세대),12.2 ~ 15.8km/ℓ,"가솔린,디젤",준중형,SUV,FF,4720,http://file.carisyou.com/upload/2021/05/20/FILE_202105200235497690.png,131.0
2023 마이브 마이브 M1,5.5km/kwh,전기,경형,해치백,2WD,1892,http://file.carisyou.com/upload/2020/11/05/FILE_202011050341500270.png,
2023 마세라티 MC20,7.0km/ℓ,가솔린,중형,쿠페,MR,33700,http://file.carisyou.com/upload/2023/07/05/FILE_202307050120455590.png,630.0
2023 토요타 하이랜더(4세대),13.8km/ℓ,가솔린/하이브리드,준대형,SUV,4WD,7470,http://file.carisyou.com/upload/2023/07/05/FILE_202307050526388340.png,188.0
2023 BMW M2(2세대),8.5km/ℓ,가솔린,준중형,쿠페,FR,8990,http://file.carisyou.com/upload/2023/07/05/FILE_202307050524409530.png,460.0
2024 BMW i4,4.1 ~ 4.6km/kwh,전기,준중형,해치백,4WD,9100,http://file.carisyou.com/upload/2023/05/11/FILE_202305110255574630.png,
2024 BMW M4(2세대),8.3km/ℓ,가솔린,준중형,"컨버터블,쿠페외형전체>",4WD,13640,http://file.carisyou.com/upload/2023/11/09/FILE_202311091051183060.png,510.0
2024 BMW 4시리즈(2세대),9.6 ~ 15.0km/ℓ,"가솔린,디젤",준중형,"컨버터블,쿠페,해치백외형전체>",FR,9750,http://file.carisyou.com/upload/2021/02/03/FILE_202102030125591860.png,184.0
2024 BMW X6 M(3세대),7.0km/ℓ,가솔린,중형,SUV,4WD,19420,http://file.carisyou.com/upload/2023/07/05/FILE_202307050422307370.png,625.0
2024 BMW X6(3세대),7.8 ~ 11.9km/ℓ,"가솔린,디젤",중형,SUV,4WD,12600,http://file.carisyou.com/upload/2023/07/05/FILE_202307050349434080.png,298.0
2024 BMW X7,6.9 ~ 10.0km/ℓ,"가솔린,디젤",대형,SUV,4WD,14850,http://file.carisyou.com/upload/2024/11/18/FILE_202411180405553880.png,381.0
2024 BMW X5(4세대),7.5 ~ 11.6km/ℓ,"가솔린,가솔린/하이브리드,디젤",중형,SUV,4WD,11730,http://file.carisyou.com/upload/2023/07/05/FILE_202307050208496140.png,298.0
2023 쉐보레 타호,6.4km/ℓ,가솔린,대형,SUV,4WD,9363,http://file.carisyou.com/upload/2022/01/13/FILE_202201130204278570.png,426.0
2023 아우디 S8(4세대),7.6km/ℓ,가솔린,대형,세단,4WD,21630,http://file.carisyou.com/upload/2023/07/07/FILE_202307070952318070.png,571.0
2023 렉서스 LC,7.5 ~ 10.9km/ℓ,"가솔린,가솔린/하이브리드",중형,"컨버터블,쿠페외형전체>",FR,18170,http://file.carisyou.com/upload/2023/06/23/FILE_202306230133099050.png,477.0
2023 아우디 Q4 e-트론,4.7 ~ 4.8km/kwh,전기,준중형,SUV,2WD,7270,http://file.carisyou.com/upload/2022/09/07/FILE_202209071127449620.png,
2024 롤스로이스 스펙터,3.2km/kwh,전기,대형,쿠페,4WD,62200,http://file.carisyou.com/upload/2023/06/16/FILE_202306160253174370.png,
2024 미니 미니 컨트리맨(2세대),10.4 ~ 11.6km/ℓ,가솔린,소형,SUV,FF,6550,http://file.carisyou.com/upload/2022/06/17/FILE_202206170507390560.png,136.0
2024 미니 미니 클럽맨(2세대),9.7 ~ 11.5km/ℓ,가솔린,소형,해치백,FF,6320,http://file.carisyou.com/upload/2022/06/17/FILE_202206170512479940.png,136.0
2024 미니 미니 컨버터블(3세대),11.3 ~ 12.1km/ℓ,가솔린,소형,컨버터블,FF,5930,http://file.carisyou.com/upload/2021/07/08/FILE_202107081158450800.png,136.0
2024 미니 미니 해치(3세대),11.4 ~ 13.4km/ℓ,가솔린,소형,해치백,FF,5500,http://file.carisyou.com/upload/2022/06/17/FILE_202206170213589630.png,136.0
2024 현대 넥쏘,96.2km/kg,수소,준중형,SUV,FF,6950,http://file.carisyou.com/upload/2018/01/10/FILE_201801101202571660.png,
2023 벤츠 GLC(3세대),10.8 ~ 14.1km/ℓ,"가솔린,디젤",준중형,SUV,4WD,8710,http://file.carisyou.com/upload/2023/06/16/FILE_202306161010404980.png,197.0
2023 캐딜락 CT5-V 블랙윙,6.1km/ℓ,가솔린,중형,세단,FR,13857,http://file.carisyou.com/upload/2023/06/07/FILE_202306071036175810.png,677.0
2023 벤틀리 플라잉스퍼(3세대),7.1km/ℓ,가솔린,대형,세단,4WD,32920,http://file.carisyou.com/upload/2019/06/13/FILE_201906130957325640.png,550.0
2023 아우디 S6(8세대),11.5km/ℓ,디젤,중형,세단,4WD,11678,http://file.carisyou.com/upload/2022/05/06/FILE_202205061001190210.png,344.0
2023 렉서스 RX(5세대),10.0 ~ 14.0km/ℓ,가솔린/하이브리드,중형,SUV,4WD,1,http://file.carisyou.com/upload/2023/06/02/FILE_202306020518039390.png,187.0
2023 캐딜락 CT5,10.2km/ℓ,가솔린,중형,세단,FR,6140,http://file.carisyou.com/upload/2020/07/07/FILE_202007070212269230.png,240.0
2024 기아 모하비(HM),9.1 ~ 9.3km/ℓ,디젤,준대형,SUV,4WD,6097,http://file.carisyou.com/upload/2022/01/07/FILE_202201071242004900.png,257.0
2023 포드 머스탱(6세대),7.5 ~ 9.4km/ℓ,가솔린,중형,"컨버터블,쿠페외형전체>",FR,7335,http://file.carisyou.com/upload/2022/05/10/FILE_202205100316200880.png,291.0
2024 현대 뉴 팰리세이드,8.5 ~ 12.4km/ℓ,"가솔린,디젤",대형,SUV,FF,5413,http://file.carisyou.com/upload/2022/05/26/FILE_202205260240400980.png,295.0
2024 KGM 뉴 티볼리 에어,11.9 ~ 12.0km/ℓ,가솔린,준중형,SUV,FF,2719,http://file.carisyou.com/upload/2023/06/02/FILE_202306020335569190.png,163.0
2024 KGM 뉴 티볼리,10.8 ~ 12.0km/ℓ,가솔린,소형,SUV,FF,2770,http://file.carisyou.com/upload/2023/06/01/FILE_202306011221072920.png,126.0
2023 포드 익스페디션(4세대),7.2km/ℓ,가솔린,대형,SUV,4WD,11270,http://file.carisyou.com/upload/2022/08/24/FILE_202208240333362360.png,405.0
2023 폭스바겐 ID.4,4.9km/kwh,전기,준중형,SUV,2WD,5990,http://file.carisyou.com/upload/2022/09/15/FILE_202209150246519830.png,
2023 링컨 네비게이터(4세대),7.2km/ℓ,가솔린,대형,SUV,4WD,15040,http://file.carisyou.com/upload/2022/09/22/FILE_202209221120572550.png,446.0
2023 토요타 크라운,11.0 ~ 17.2km/ℓ,가솔린/하이브리드,준대형,세단,4WD,6570,http://file.carisyou.com/upload/2023/05/23/FILE_202305230342432280.png,186.0
2023 푸조 408,12.9km/ℓ,가솔린,준중형,해치백,FF,4690,http://file.carisyou.com/upload/2023/05/23/FILE_202305230102114180.png,131.0
2023 제네시스 뉴 G70,9.4 ~ 11.2km/ℓ,가솔린,준중형,세단,FR,4768,http://file.carisyou.com/upload/2020/09/11/FILE_202009110940186740.png,304.0
2023 제네시스 뉴 G70 슈팅 브레이크,10.9km/ℓ,가솔린,준중형,왜건,FR,4476,http://file.carisyou.com/upload/2022/06/27/FILE_202206271052427830.png,304.0
2024 미니 미니 해치 일렉트릭(3세대),4.5km/kwh,전기,소형,해치백,2WD,5210,http://file.carisyou.com/upload/2022/01/13/FILE_202201130117294260.png,
2023 포드 브롱코,8.2km/ℓ,가솔린,중형,SUV,4WD,8160,http://file.carisyou.com/upload/2023/05/10/FILE_202305100959356740.png,314.0
2024 KGM 뉴 렉스턴(Y461),10.6 ~ 11.1km/ℓ,디젤,중형,SUV,FR,5967,http://file.carisyou.com/upload/2022/03/10/FILE_202203100117042950.png,202.0
2024 KGM 뉴 렉스턴 스포츠 칸,10.2 ~ 10.5km/ℓ,디젤,대형,픽업트럭,FR,4469,http://file.carisyou.com/upload/2021/04/05/FILE_202104050121130190.png,202.0
2024 KGM 뉴 렉스턴 스포츠,10.4 ~ 10.6km/ℓ,디젤,대형,픽업트럭,FR,4063,http://file.carisyou.com/upload/2021/04/05/FILE_202104051226508780.png,202.0
2023 벤틀리 컨티넨탈(3세대),8.0km/ℓ,가솔린,대형,쿠페,4WD,32890,http://file.carisyou.com/upload/2023/05/08/FILE_202305081018402360.png,550.0
2023 아우디 RS5(2세대),8.3km/ℓ,가솔린,준중형,해치백,4WD,12808,http://file.carisyou.com/upload/2021/07/21/FILE_202107210207254260.png,450.0
2023 포드 익스플로러(6세대),8.3 ~ 10.4km/ℓ,"가솔린,가솔린/하이브리드",대형,SUV,4WD,8195,http://file.carisyou.com/upload/2022/04/13/FILE_202204130320435490.png,304.0
2023 링컨 노틸러스,8.8km/ℓ,가솔린,중형,SUV,4WD,7470,http://file.carisyou.com/upload/2021/11/01/FILE_202111011038214110.png,333.0
2024 기아 뉴 셀토스,10.8 ~ 12.9km/ℓ,가솔린,소형,SUV,FF,2903,http://file.carisyou.com/upload/2022/08/31/FILE_202208311042297900.png,149.0
2023 지프 글래디에이터,6.2km/ℓ,가솔린,대형,픽업트럭,4WD,7990,http://file.carisyou.com/upload/2022/04/11/FILE_202204110158513650.png,284.0
2023 현대 캐스퍼,12.3 ~ 14.3km/ℓ,가솔린,경형,SUV,FF,1960,http://file.carisyou.com/upload/2021/09/15/FILE_202109150147170690.png,76.0
2023 현대 파비스,-,디젤,준대형,트럭,FR,1,http://file.carisyou.com/upload/2021/05/20/FILE_202105201105343060.png,280.0
2023 현대 뉴 쏘나타 하이브리드(DN8),17.1 ~ 19.4km/ℓ,가솔린/하이브리드,중형,세단,FF,3921,http://file.carisyou.com/upload/2023/04/24/FILE_202304241052430090.png,152.0
2023 현대 뉴 쏘나타(DN8),9.4 ~ 13.5km/ℓ,"가솔린,엘피지",중형,세단,FF,3917,http://file.carisyou.com/upload/2023/04/24/FILE_202304241050166250.png,160.0
2023 현대 코나 일렉트릭(SX2),4.8 ~ 5.5km/kwh,전기,소형,SUV,2WD,5092,http://file.carisyou.com/upload/2023/04/13/FILE_202304130114063590.png,
2023 비야디 T4K,2.6km/kwh,전기,소형,트럭,2WD,4669,http://file.carisyou.com/upload/2023/04/10/FILE_202304100429513810.png,
2024 르노코리아 뉴 SM6,9.5 ~ 13.6km/ℓ,"가솔린,엘피지",중형,세단,FF,3639,http://file.carisyou.com/upload/2020/07/15/FILE_202007150311365900.png,140.0
2023 기아 봉고3 트럭,8.6 ~ 9.5km/ℓ,디젤,소형,트럭,FR,3935,http://file.carisyou.com/upload/2021/12/28/FILE_202112281242281790.png,133.0
2022 벤틀리 벤테이가,7.1km/ℓ,가솔린,대형,SUV,4WD,29600,http://file.carisyou.com/upload/2023/04/07/FILE_202304070315362050.png,550.0
2023 마세라티 MC20 첼로,7.1km/ℓ,가솔린,중형,컨버터블,MR,38300,http://file.carisyou.com/upload/2023/04/05/FILE_202304051044333630.png,630.0
2023 혼다 CR-V(6세대),12.1 ~ 15.1km/ℓ,"가솔린,가솔린/하이브리드",준중형,SUV,FF,5590,http://file.carisyou.com/upload/2023/08/11/FILE_202308110136437290.png,190.0
2023 푸조 2008(2세대),"4.9 ~ 17.1km/kwh,km/ℓ","디젤,전기",소형,SUV,2WD,4190,http://file.carisyou.com/upload/2019/06/19/FILE_201906190305065980.png,
2023 푸조 308(3세대),17.2km/ℓ,디젤,준중형,해치백,FF,4020,http://file.carisyou.com/upload/2022/06/20/FILE_202206201040291050.png,131.0
2023 렉서스 RZ,5.4km/kwh,전기,중형,SUV,4WD,9300,http://file.carisyou.com/upload/2023/06/21/FILE_202306210317251080.png,
2024 KGM 토레스 EVX,4.8 ~ 5.0km/kwh,전기,중형,SUV,2WD,4762,http://file.carisyou.com/upload/2023/03/31/FILE_202303310954217660.png,
2023 테슬라 모델 X,3.8 ~ 4.2km/kwh,전기,대형,SUV,4WD,12875,http://file.carisyou.com/upload/2021/07/21/FILE_202107210130125690.png,
2023 테슬라 모델 S,4.1 ~ 4.8km/kwh,전기,중형,해치백,4WD,11525,http://file.carisyou.com/upload/2021/07/21/FILE_202107210128580500.png,
2023 기아 EV9,3.8 ~ 4.2km/kwh,전기,대형,SUV,2WD,8397,http://file.carisyou.com/upload/2023/03/31/FILE_202303310904235010.png,
2023 BMW XM,10.0km/ℓ,가솔린/하이브리드,대형,SUV,4WD,22330,http://file.carisyou.com/upload/2023/03/28/FILE_202303281008288930.png,489.0
2023 벤츠 G클래스(2세대),5.6 ~ 8.2km/ℓ,"가솔린,디젤",중형,SUV,4WD,17800,https://file.carisyou.com/upload/2018/02/08/FILE_201802080440348980.png,330.0
2023 폴스타 폴스타 2,3.8 ~ 4.8km/kwh,전기,준중형,해치백,2WD,5990,http://file.carisyou.com/upload/2019/02/28/FILE_201902280312103200.png,
2023 제네시스 G90(RS4),8.2 ~ 9.3km/ℓ,가솔린,대형,"리무진,세단외형전체>",FR,1,http://file.carisyou.com/upload/2021/12/14/FILE_202112140254196890.png,380.0
2024 이네오스 그레나디어,5.5km/ℓ,"가솔린,디젤",중형,SUV,4WD,1990,http://file.carisyou.com/upload/2023/03/23/FILE_202303230457110410.png,286.0
2024 렉서스 NX(2세대),14.0 ~ 14.4km/ℓ,가솔린/하이브리드,준중형,SUV,4WD,8200,http://file.carisyou.com/upload/2023/03/23/FILE_202303230243469280.png,189.0
2023 벤츠 EQA,4.9km/kwh,전기,준중형,SUV,2WD,7450,http://file.carisyou.com/upload/2021/06/24/FILE_202106241221324420.png,
2023 벤츠 SL(7세대),6.3km/ℓ,가솔린,중형,컨버터블,4WD,23500,http://file.carisyou.com/upload/2023/03/20/FILE_202303200122191330.png,585.0
2023 기아 봉고3 EV,2.7 ~ 3.1km/kwh,전기,소형,트럭,2WD,6185,http://file.carisyou.com/upload/2021/12/24/FILE_202112241114245700.png,
2023 현대 뉴 아반떼 하이브리드(CN7),18.5 ~ 21.1km/ℓ,가솔린/하이브리드,준중형,세단,FF,3153,http://file.carisyou.com/upload/2023/03/13/FILE_202303131057436250.png,105.0
2023 현대 뉴 아반떼(CN7),10.3 ~ 15.3km/ℓ,"가솔린,엘피지",준중형,세단,FF,2818,http://file.carisyou.com/upload/2023/03/13/FILE_202303130931074190.png,123.0
2023 BMW Z4(3세대),10.2 ~ 10.7km/ℓ,가솔린,소형,컨버터블,FR,9720,http://file.carisyou.com/upload/2023/03/10/FILE_202303101041326420.png,197.0
2023 테슬라 모델 Y,4.8 ~ 5.4km/kwh,전기,준중형,SUV,2WD,8534,http://file.carisyou.com/upload/2023/03/08/FILE_202303080922337520.png,
2023 아우디 S7(2세대),11.5km/ℓ,디젤,준대형,해치백,4WD,12718,http://file.carisyou.com/upload/2022/02/08/FILE_202202080352549250.png,344.0
2023 아우디 SQ5(2세대),8.6 ~ 8.9km/ℓ,가솔린,중형,SUV,4WD,9996,http://file.carisyou.com/upload/2021/07/21/FILE_202107210246134410.png,354.0
2023 아우디 S4(5세대),9.6km/ℓ,가솔린,준중형,세단,4WD,8408,http://file.carisyou.com/upload/2021/06/22/FILE_202106220423598260.png,354.0
2023 BMW X1(3세대),11.7 ~ 14.6km/ℓ,"가솔린,디젤",준중형,SUV,FF,6410,http://file.carisyou.com/upload/2023/03/06/FILE_202303060536277170.png,150.0
2024 르노코리아 뉴 QM6,8.6 ~ 12.0km/ℓ,"가솔린,엘피지",중형,SUV,FF,3793,http://file.carisyou.com/upload/2023/03/10/FILE_202303100138573040.png,140.0
2023 현대 뉴 마이티,-,디젤,준대형,트럭,FR,6769,http://file.carisyou.com/upload/2021/03/18/FILE_202103180931098530.png,170.0
2023 현대 뉴 카운티,-,디젤,준중형,버스,2WD,9139,http://file.carisyou.com/upload/2021/07/08/FILE_202107080352560620.png,170.0
2023 토요타 RAV4(5세대),15.1 ~ 16.1km/ℓ,가솔린/하이브리드,준중형,SUV,FF,5700,http://file.carisyou.com/upload/2022/04/13/FILE_202204130202152340.png,178.0
2024 기아 니로 플러스,5.3km/kwh,전기,소형,SUV,2WD,4850,http://file.carisyou.com/upload/2022/05/12/FILE_202205120134086170.png,
2023 현대 포터2,8.6 ~ 9.5km/ℓ,디젤,소형,트럭,FR,4013,http://file.carisyou.com/upload/2018/09/19/FILE_201809191103077550.png,133.0
2024 쉐보레 트랙스 크로스오버(9BQC),12.0 ~ 12.7km/ℓ,가솔린,준중형,SUV,FF,2880,http://file.carisyou.com/upload/2023/03/22/FILE_202303220224424070.png,139.0
2023 재규어 F-타입,9.8km/ℓ,가솔린,준중형,"컨버터블,쿠페외형전체>",FR,1351,http://file.carisyou.com/upload/2023/02/03/FILE_202302030133592290.png,300.0
2023 토요타 GR 수프라(5세대),10.2km/ℓ,가솔린,준중형,쿠페,FR,7980,http://file.carisyou.com/upload/2019/01/15/FILE_201901151111513480.png,387.0
2024 기아 니로 EV(SG2),5.3km/kwh,전기,소형,SUV,2WD,5120,http://file.carisyou.com/upload/2021/11/26/FILE_202111260158469710.png,
2024 기아 니로(SG2),19.1 ~ 20.8km/ℓ,가솔린/하이브리드,소형,SUV,FF,3376,http://file.carisyou.com/upload/2023/09/22/FILE_202309220944129270.png,105.0
2023 현대 포터2 일렉트릭,2.7 ~ 3.1km/kwh,전기,소형,트럭,2WD,4986,http://file.carisyou.com/upload/2019/12/11/FILE_201912111011447610.png,
2023 BMW iX1,4.2km/kwh,전기,준중형,SUV,4WD,6930,http://file.carisyou.com/upload/2023/01/26/FILE_202301261100344100.png,
2023 현대 코나 하이브리드(SX2),18.1 ~ 19.8km/ℓ,가솔린/하이브리드,소형,SUV,FF,3495,http://file.carisyou.com/upload/2023/01/18/FILE_202301181038184400.png,105.0
2023 현대 코나(SX2),11.2 ~ 13.6km/ℓ,가솔린,소형,SUV,FF,3323,http://file.carisyou.com/upload/2023/01/19/FILE_202301190921384420.png,149.0
2023 대창모터스 다니고 EV,3.1 ~ 3.4km/kwh,전기,소형,트럭,2WD,5780,http://file.carisyou.com/upload/2022/08/18/FILE_202208180430270230.png,
2023 포드 레인저(2세대),9.0 ~ 10.1km/ℓ,디젤,대형,픽업트럭,4WD,7990,http://file.carisyou.com/upload/2023/01/16/FILE_202301160202008150.png,205.0
2023 아우디 Q2,16.7km/ℓ,디젤,소형,SUV,FF,4440,http://file.carisyou.com/upload/2023/01/20/FILE_202301200233517170.png,150.0
2023 현대 쏠라티,-,디젤,준중형,버스,FR,7144,http://file.carisyou.com/upload/2019/04/24/FILE_201904240343208140.png,170.0
2023 신위안 이티밴,4.4km/kwh,전기,소형,버스,2WD,3990,http://file.carisyou.com/upload/2023/02/21/FILE_202302210141074630.png,
2023 토요타 시에나(4세대),13.7 ~ 14.5km/ℓ,가솔린/하이브리드,대형,RV,4WD,7060,http://file.carisyou.com/upload/2022/02/08/FILE_202202080453115700.png,189.0
2023 동풍소콘 마사다 트럭,3.5km/kwh,전기,소형,트럭,2WD,3699,http://file.carisyou.com/upload/2023/01/04/FILE_202301040444273980.png,
2023 동풍소콘 마사다 밴,3.8km/kwh,전기,소형,버스,2WD,3980,http://file.carisyou.com/upload/2023/01/04/FILE_202301040446228760.png,
2023 포르쉐 타이칸,2.8 ~ 3.2km/kwh,전기,준대형,"세단,왜건외형전체>",2WD,12990,http://file.carisyou.com/upload/2021/11/18/FILE_202111180506182220.png,
2023 아우디 Q7(2세대),8.1 ~ 11.0km/ℓ,"가솔린,디젤",대형,SUV,4WD,1240,http://file.carisyou.com/upload/2019/09/30/FILE_201909301232489000.png,231.0
2023 GMC 시에라(5세대),6.9km/ℓ,가솔린,대형,픽업트럭,4WD,9500,http://file.carisyou.com/upload/2023/02/08/FILE_202302081033469850.png,426.0
2023 아우디 RS7(2세대),7.4km/ℓ,가솔린,준대형,해치백,4WD,17558,http://file.carisyou.com/upload/2021/07/28/FILE_202107280441377880.png,600.0
2023 아우디 A7(2세대),9.5 ~ 15.7km/ℓ,"가솔린,가솔린/하이브리드,디젤",준대형,해치백,4WD,1,http://file.carisyou.com/upload/2017/12/27/FILE_201712270421049650.png,245.0
2023 아우디 RS6(8세대),7.0km/ℓ,가솔린,중형,왜건,4WD,16958,http://file.carisyou.com/upload/2021/07/28/FILE_202107280430372490.png,600.0
2023 아우디 RSQ8,6.6km/ℓ,가솔린,대형,SUV,4WD,18450,http://file.carisyou.com/upload/2023/01/06/FILE_202301060247092550.png,600.0
2023 캐딜락 XT5,8.0km/ℓ,가솔린,중형,SUV,4WD,7710,http://file.carisyou.com/upload/2021/10/05/FILE_202110050526294330.png,314.0
2023 BMW X3 M,7.7km/ℓ,가솔린,준중형,SUV,4WD,12490,http://file.carisyou.com/upload/2021/11/18/FILE_202111181128120390.png,510.0
2023 BMW X4 M,7.8km/ℓ,가솔린,준중형,SUV,4WD,12920,http://file.carisyou.com/upload/2021/11/18/FILE_202111180308063450.png,510.0
2023 BMW X5 M(3세대),6.7km/ℓ,가솔린,중형,SUV,4WD,18360,http://file.carisyou.com/upload/2020/06/25/FILE_202006251014072310.png,625.0
2023 BMW X6 M(3세대),6.8km/ℓ,가솔린,중형,SUV,4WD,18670,http://file.carisyou.com/upload/2020/06/25/FILE_202006251015077170.png,625.0
2023 제네시스 일렉트리파이드 G80(RG3),4.3km/kwh,전기,준대형,세단,4WD,8392,http://file.carisyou.com/upload/2022/07/06/FILE_202207060220343320.png,
